2026-05-22T09:45:19.850 INFO  [background-preinit] o.h.validator.internal.util.Version - HV000001: Hibernate Validator 8.0.3.Final
2026-05-22T09:45:19.912 INFO  [main] b.c.f.api.auth.AuthIntegrationTest - Starting AuthIntegrationTest using Java 21.0.11-ea with PID 205 (started by arthenyo in /home/arthenyo/Documentos/FrotaPRO - api)
2026-05-22T09:45:19.913 INFO  [main] b.c.f.api.auth.AuthIntegrationTest - No active profile set, falling back to 1 default profile: "default"
2026-05-22T09:45:42.521 WARN  [main] o.s.w.c.s.GenericWebApplicationContext - Exception encountered during context initialization - cancelling refresh attempt: java.lang.IllegalStateException: Could not initialize plugin: interface org.mockito.plugins.MockMaker (alternate: null)
2026-05-22T09:45:42.535 INFO  [main] o.s.b.a.l.ConditionEvaluationReportLogger - 

Error starting ApplicationContext. To display the condition evaluation report re-run your application with 'debug' enabled.
2026-05-22T09:45:42.553 ERROR [main] o.s.boot.SpringApplication - Application run failed
java.lang.IllegalStateException: Could not initialize plugin: interface org.mockito.plugins.MockMaker (alternate: null)
	at org.mockito.internal.configuration.plugins.PluginLoader$1.invoke(PluginLoader.java:85)
	at jdk.proxy2/jdk.proxy2.$Proxy84.isTypeMockable(Unknown Source)
	at org.mockito.internal.util.MockUtil.typeMockabilityOf(MockUtil.java:78)
	at org.mockito.internal.util.MockCreationValidator.validateType(MockCreationValidator.java:22)
	at org.mockito.internal.creation.MockSettingsImpl.validatedSettings(MockSettingsImpl.java:275)
	at org.mockito.internal.creation.MockSettingsImpl.build(MockSettingsImpl.java:236)
	at org.mockito.internal.MockitoCore.mock(MockitoCore.java:82)
	at org.mockito.Mockito.mock(Mockito.java:2198)
	at org.springframework.boot.test.mock.mockito.MockDefinition.createMock(MockDefinition.java:161)
	at org.springframework.boot.test.mock.mockito.MockitoPostProcessor.registerMock(MockitoPostProcessor.java:190)
	at org.springframework.boot.test.mock.mockito.MockitoPostProcessor.register(MockitoPostProcessor.java:172)
	at org.springframework.boot.test.mock.mockito.MockitoPostProcessor.postProcessBeanFactory(MockitoPostProcessor.java:146)
	at org.springframework.boot.test.mock.mockito.MockitoPostProcessor.postProcessBeanFactory(MockitoPostProcessor.java:134)
	at org.springframework.context.support.PostProcessorRegistrationDelegate.invokeBeanFactoryPostProcessors(PostProcessorRegistrationDelegate.java:363)
	at org.springframework.context.support.PostProcessorRegistrationDelegate.invokeBeanFactoryPostProcessors(PostProcessorRegistrationDelegate.java:197)
	at org.springframework.context.support.AbstractApplicationContext.invokeBeanFactoryPostProcessors(AbstractApplicationContext.java:791)
	at org.springframework.context.support.AbstractApplicationContext.refresh(AbstractApplicationContext.java:609)
	at org.springframework.boot.SpringApplication.refresh(SpringApplication.java:752)
	at org.springframework.boot.SpringApplication.refreshContext(SpringApplication.java:439)
	at org.springframework.boot.SpringApplication.run(SpringApplication.java:318)
	at org.springframework.boot.test.context.SpringBootContextLoader.lambda$loadContext$3(SpringBootContextLoader.java:144)
	at org.springframework.util.function.ThrowingSupplier.get(ThrowingSupplier.java:58)
	at org.springframework.util.function.ThrowingSupplier.get(ThrowingSupplier.java:46)
	at org.springframework.boot.SpringApplication.withHook(SpringApplication.java:1461)
	at org.springframework.boot.test.context.SpringBootContextLoader$ContextLoaderHook.run(SpringBootContextLoader.java:563)
	at org.springframework.boot.test.context.SpringBootContextLoader.loadContext(SpringBootContextLoader.java:144)
	at org.springframework.boot.test.context.SpringBootContextLoader.loadContext(SpringBootContextLoader.java:110)
	at org.springframework.test.context.cache.DefaultCacheAwareContextLoaderDelegate.loadContextInternal(DefaultCacheAwareContextLoaderDelegate.java:225)
	at org.springframework.test.context.cache.DefaultCacheAwareContextLoaderDelegate.loadContext(DefaultCacheAwareContextLoaderDelegate.java:152)
	at org.springframework.test.context.support.DefaultTestContext.getApplicationContext(DefaultTestContext.java:130)
	at org.springframework.boot.test.mock.mockito.MockitoTestExecutionListener.postProcessFields(MockitoTestExecutionListener.java:128)
	at org.springframework.boot.test.mock.mockito.MockitoTestExecutionListener.injectFields(MockitoTestExecutionListener.java:112)
	at org.springframework.boot.test.mock.mockito.MockitoTestExecutionListener.prepareTestInstance(MockitoTestExecutionListener.java:69)
	at org.springframework.test.context.TestContextManager.prepareTestInstance(TestContextManager.java:260)
	at org.springframework.test.context.junit.jupiter.SpringExtension.postProcessTestInstance(SpringExtension.java:159)
	at org.junit.jupiter.engine.descriptor.ClassBasedTestDescriptor.lambda$invokeTestInstancePostProcessors$10(ClassBasedTestDescriptor.java:383)
	at org.junit.jupiter.engine.descriptor.ClassBasedTestDescriptor.executeAndMaskThrowable(ClassBasedTestDescriptor.java:388)
	at org.junit.jupiter.engine.descriptor.ClassBasedTestDescriptor.lambda$invokeTestInstancePostProcessors$11(ClassBasedTestDescriptor.java:382)
	at java.base/java.util.stream.ForEachOps$ForEachOp$OfRef.accept(ForEachOps.java:184)
	at java.base/java.util.stream.ReferencePipeline$3$1.accept(ReferencePipeline.java:197)
	at java.base/java.util.stream.ReferencePipeline$2$1.accept(ReferencePipeline.java:179)
	at java.base/java.util.stream.ReferencePipeline$3$1.accept(ReferencePipeline.java:197)
	at java.base/java.util.ArrayList$ArrayListSpliterator.forEachRemaining(ArrayList.java:1708)
	at java.base/java.util.stream.AbstractPipeline.copyInto(AbstractPipeline.java:509)
	at java.base/java.util.stream.AbstractPipeline.wrapAndCopyInto(AbstractPipeline.java:499)
	at java.base/java.util.stream.ForEachOps$ForEachOp.evaluateSequential(ForEachOps.java:151)
	at java.base/java.util.stream.ForEachOps$ForEachOp$OfRef.evaluateSequential(ForEachOps.java:174)
	at java.base/java.util.stream.AbstractPipeline.evaluate(AbstractPipeline.java:234)
	at java.base/java.util.stream.ReferencePipeline.forEach(ReferencePipeline.java:596)
	at org.junit.jupiter.engine.descriptor.ClassBasedTestDescriptor.invokeTestInstancePostProcessors(ClassBasedTestDescriptor.java:382)
	at org.junit.jupiter.engine.descriptor.ClassBasedTestDescriptor.lambda$instantiateAndPostProcessTestInstance$6(ClassBasedTestDescriptor.java:293)
	at org.junit.platform.engine.support.hierarchical.ThrowableCollector.execute(ThrowableCollector.java:73)
	at org.junit.jupiter.engine.descriptor.ClassBasedTestDescriptor.instantiateAndPostProcessTestInstance(ClassBasedTestDescriptor.java:292)
	at org.junit.jupiter.engine.descriptor.ClassBasedTestDescriptor.lambda$testInstancesProvider$4(ClassBasedTestDescriptor.java:281)
	at java.base/java.util.Optional.orElseGet(Optional.java:364)
	at org.junit.jupiter.engine.descriptor.ClassBasedTestDescriptor.lambda$testInstancesProvider$5(ClassBasedTestDescriptor.java:280)
	at org.junit.jupiter.engine.execution.TestInstancesProvider.getTestInstances(TestInstancesProvider.java:27)
	at org.junit.jupiter.engine.descriptor.TestMethodTestDescriptor.lambda$prepare$0(TestMethodTestDescriptor.java:112)
	at org.junit.platform.engine.support.hierarchical.ThrowableCollector.execute(ThrowableCollector.java:73)
	at org.junit.jupiter.engine.descriptor.TestMethodTestDescriptor.prepare(TestMethodTestDescriptor.java:111)
	at org.junit.jupiter.engine.descriptor.TestMethodTestDescriptor.prepare(TestMethodTestDescriptor.java:69)
	at org.junit.platform.engine.support.hierarchical.NodeTestTask.lambda$prepare$2(NodeTestTask.java:128)
	at org.junit.platform.engine.support.hierarchical.ThrowableCollector.execute(ThrowableCollector.java:73)
	at org.junit.platform.engine.support.hierarchical.NodeTestTask.prepare(NodeTestTask.java:128)
	at org.junit.platform.engine.support.hierarchical.NodeTestTask.execute(NodeTestTask.java:95)
	at java.base/java.util.ArrayList.forEach(ArrayList.java:1596)
	at org.junit.platform.engine.support.hierarchical.SameThreadHierarchicalTestExecutorService.invokeAll(SameThreadHierarchicalTestExecutorService.java:41)
	at org.junit.platform.engine.support.hierarchical.NodeTestTask.lambda$executeRecursively$6(NodeTestTask.java:160)
	at org.junit.platform.engine.support.hierarchical.ThrowableCollector.execute(ThrowableCollector.java:73)
	at org.junit.platform.engine.support.hierarchical.NodeTestTask.lambda$executeRecursively$8(NodeTestTask.java:146)
	at org.junit.platform.engine.support.hierarchical.Node.around(Node.java:137)
	at org.junit.platform.engine.support.hierarchical.NodeTestTask.lambda$executeRecursively$9(NodeTestTask.java:144)
	at org.junit.platform.engine.support.hierarchical.ThrowableCollector.execute(ThrowableCollector.java:73)
	at org.junit.platform.engine.support.hierarchical.NodeTestTask.executeRecursively(NodeTestTask.java:143)
	at org.junit.platform.engine.support.hierarchical.NodeTestTask.execute(NodeTestTask.java:100)
	at java.base/java.util.ArrayList.forEach(ArrayList.java:1596)
	at org.junit.platform.engine.support.hierarchical.SameThreadHierarchicalTestExecutorService.invokeAll(SameThreadHierarchicalTestExecutorService.java:41)
	at org.junit.platform.engine.support.hierarchical.NodeTestTask.lambda$executeRecursively$6(NodeTestTask.java:160)
	at org.junit.platform.engine.support.hierarchical.ThrowableCollector.execute(ThrowableCollector.java:73)
	at org.junit.platform.engine.support.hierarchical.NodeTestTask.lambda$executeRecursively$8(NodeTestTask.java:146)
	at org.junit.platform.engine.support.hierarchical.Node.around(Node.java:137)
	at org.junit.platform.engine.support.hierarchical.NodeTestTask.lambda$executeRecursively$9(NodeTestTask.java:144)
	at org.junit.platform.engine.support.hierarchical.ThrowableCollector.execute(ThrowableCollector.java:73)
	at org.junit.platform.engine.support.hierarchical.NodeTestTask.executeRecursively(NodeTestTask.java:143)
	at org.junit.platform.engine.support.hierarchical.NodeTestTask.execute(NodeTestTask.java:100)
	at org.junit.platform.engine.support.hierarchical.SameThreadHierarchicalTestExecutorService.submit(SameThreadHierarchicalTestExecutorService.java:35)
	at org.junit.platform.engine.support.hierarchical.HierarchicalTestExecutor.execute(HierarchicalTestExecutor.java:57)
	at org.junit.platform.engine.support.hierarchical.HierarchicalTestEngine.execute(HierarchicalTestEngine.java:54)
	at org.junit.platform.launcher.core.EngineExecutionOrchestrator.execute(EngineExecutionOrchestrator.java:201)
	at org.junit.platform.launcher.core.EngineExecutionOrchestrator.execute(EngineExecutionOrchestrator.java:170)
	at org.junit.platform.launcher.core.EngineExecutionOrchestrator.execute(EngineExecutionOrchestrator.java:94)
	at org.junit.platform.launcher.core.EngineExecutionOrchestrator.lambda$execute$0(EngineExecutionOrchestrator.java:59)
	at org.junit.platform.launcher.core.EngineExecutionOrchestrator.withInterceptedStreams(EngineExecutionOrchestrator.java:142)
	at org.junit.platform.launcher.core.EngineExecutionOrchestrator.execute(EngineExecutionOrchestrator.java:58)
	at org.junit.platform.launcher.core.DefaultLauncher.execute(DefaultLauncher.java:103)
	at org.junit.platform.launcher.core.DefaultLauncher.execute(DefaultLauncher.java:85)
	at org.junit.platform.launcher.core.DelegatingLauncher.execute(DelegatingLauncher.java:47)
	at org.junit.platform.launcher.core.InterceptingLauncher.lambda$execute$1(InterceptingLauncher.java:39)
	at org.junit.platform.launcher.core.ClasspathAlignmentCheckingLauncherInterceptor.intercept(ClasspathAlignmentCheckingLauncherInterceptor.java:25)
	at org.junit.platform.launcher.core.InterceptingLauncher.execute(InterceptingLauncher.java:38)
	at org.junit.platform.launcher.core.DelegatingLauncher.execute(DelegatingLauncher.java:47)
	at org.apache.maven.surefire.junitplatform.LauncherAdapter.executeWithoutCancellationToken(LauncherAdapter.java:60)
	at org.apache.maven.surefire.junitplatform.LauncherAdapter.execute(LauncherAdapter.java:52)
	at org.apache.maven.surefire.junitplatform.JUnitPlatformProvider.execute(JUnitPlatformProvider.java:203)
	at org.apache.maven.surefire.junitplatform.JUnitPlatformProvider.invokeAllTests(JUnitPlatformProvider.java:168)
	at org.apache.maven.surefire.junitplatform.JUnitPlatformProvider.invoke(JUnitPlatformProvider.java:136)
	at org.apache.maven.surefire.booter.ForkedBooter.runSuitesInProcess(ForkedBooter.java:385)
	at org.apache.maven.surefire.booter.ForkedBooter.execute(ForkedBooter.java:162)
	at org.apache.maven.surefire.booter.ForkedBooter.run(ForkedBooter.java:507)
	at org.apache.maven.surefire.booter.ForkedBooter.main(ForkedBooter.java:495)
Caused by: java.lang.IllegalStateException: Internal problem occurred, please report it. Mockito is unable to load the default implementation of class that is a part of Mockito distribution. Failed to load interface org.mockito.plugins.MockMaker
	at org.mockito.internal.configuration.plugins.DefaultMockitoPlugins.create(DefaultMockitoPlugins.java:105)
	at org.mockito.internal.configuration.plugins.DefaultMockitoPlugins.getDefaultPlugin(DefaultMockitoPlugins.java:79)
	at org.mockito.internal.configuration.plugins.PluginLoader.loadPlugin(PluginLoader.java:75)
	at org.mockito.internal.configuration.plugins.PluginLoader.loadPlugin(PluginLoader.java:49)
	at org.mockito.internal.configuration.plugins.PluginRegistry.<init>(PluginRegistry.java:29)
	at org.mockito.internal.configuration.plugins.Plugins.<clinit>(Plugins.java:26)
	at org.mockito.internal.MockitoCore.<clinit>(MockitoCore.java:71)
	at org.mockito.Mockito.<clinit>(Mockito.java:1777)
	at org.springframework.boot.test.mock.mockito.MockReset.withSettings(MockReset.java:84)
	at org.springframework.boot.test.mock.mockito.MockDefinition.createMock(MockDefinition.java:150)
	... 101 common frames omitted
Caused by: java.lang.reflect.InvocationTargetException: null
	at java.base/jdk.internal.reflect.DirectConstructorHandleAccessor.newInstance(DirectConstructorHandleAccessor.java:74)
	at java.base/java.lang.reflect.Constructor.newInstanceWithCaller(Constructor.java:502)
	at java.base/java.lang.reflect.Constructor.newInstance(Constructor.java:486)
	at org.mockito.internal.configuration.plugins.DefaultMockitoPlugins.create(DefaultMockitoPlugins.java:103)
	... 110 common frames omitted
Caused by: org.mockito.exceptions.base.MockitoInitializationException: 
Could not initialize inline Byte Buddy mock maker.

It appears as if your JDK does not supply a working agent attachment mechanism.
Java               : 21
JVM vendor name    : Ubuntu
JVM vendor version : 21.0.11-ea+8-Ubuntu-1
JVM name           : OpenJDK 64-Bit Server VM
JVM version        : 21.0.11-ea+8-Ubuntu-1
JVM info           : mixed mode, sharing
OS name            : Linux
OS version         : 7.0.0-15-generic

	at org.mockito.internal.creation.bytebuddy.InlineDelegateByteBuddyMockMaker.<init>(InlineDelegateByteBuddyMockMaker.java:275)
	at org.mockito.internal.creation.bytebuddy.InlineByteBuddyMockMaker.<init>(InlineByteBuddyMockMaker.java:23)
	at java.base/jdk.internal.reflect.DirectConstructorHandleAccessor.newInstance(DirectConstructorHandleAccessor.java:62)
	... 113 common frames omitted
Caused by: java.lang.IllegalStateException: Could not self-attach to current VM using external process - set a property net.bytebuddy.agent.attacher.dump to dump the process output to a file at the specified location
	at net.bytebuddy.agent.ByteBuddyAgent.installExternal(ByteBuddyAgent.java:672)
	at net.bytebuddy.agent.ByteBuddyAgent.install(ByteBuddyAgent.java:599)
	at net.bytebuddy.agent.ByteBuddyAgent.install(ByteBuddyAgent.java:579)
	at net.bytebuddy.agent.ByteBuddyAgent.install(ByteBuddyAgent.java:531)
	at net.bytebuddy.agent.ByteBuddyAgent.install(ByteBuddyAgent.java:508)
	at org.mockito.internal.PremainAttachAccess.getInstrumentation(PremainAttachAccess.java:80)
	at org.mockito.internal.creation.bytebuddy.InlineDelegateByteBuddyMockMaker.<clinit>(InlineDelegateByteBuddyMockMaker.java:138)
	... 115 common frames omitted
2026-05-22T09:45:42.560 WARN  [main] o.s.test.context.TestContextManager - Caught exception while allowing TestExecutionListener [org.springframework.boot.test.mock.mockito.MockitoTestExecutionListener] to prepare test instance [br.com.frotasPro.api.auth.AuthIntegrationTest@77b3752b]
java.lang.IllegalStateException: Failed to load ApplicationContext for [WebMergedContextConfiguration@11787b64 testClass = br.com.frotasPro.api.auth.AuthIntegrationTest, locations = [], classes = [br.com.frotasPro.api.FrotaProApplication, br.com.frotasPro.api.auth.AuthIntegrationTest.TestSecurityConfig], contextInitializerClasses = [], activeProfiles = [], propertySourceDescriptors = [], propertySourceProperties = ["org.springframework.boot.test.autoconfigure.web.servlet.WebMvcTestContextBootstrapper=true"], contextCustomizers = [[ImportsContextCustomizer@5707f613 key = [org.springframework.boot.autoconfigure.security.oauth2.client.servlet.OAuth2ClientWebSecurityAutoConfiguration, br.com.frotasPro.api.auth.AuthIntegrationTest$TestSecurityConfig, org.springframework.boot.autoconfigure.task.TaskExecutionAutoConfiguration, org.springframework.boot.autoconfigure.cache.CacheAutoConfiguration, org.springframework.boot.autoconfigure.web.servlet.HttpEncodingAutoConfiguration, org.springframework.boot.autoconfigure.validation.ValidationAutoConfiguration, org.springframework.boot.autoconfigure.security.saml2.Saml2RelyingPartyAutoConfiguration, org.springframework.boot.autoconfigure.context.MessageSourceAutoConfiguration, org.springframework.boot.autoconfigure.hateoas.HypermediaAutoConfiguration, org.springframework.boot.autoconfigure.jackson.JacksonAutoConfiguration, org.springframework.boot.autoconfigure.data.web.SpringDataWebAutoConfiguration, org.springframework.boot.test.autoconfigure.web.reactive.WebTestClientAutoConfiguration, org.springframework.boot.autoconfigure.web.servlet.error.ErrorMvcAutoConfiguration, org.springframework.boot.test.autoconfigure.web.servlet.MockMvcAutoConfiguration, org.springframework.boot.autoconfigure.security.servlet.SecurityAutoConfiguration, org.springframework.boot.autoconfigure.security.servlet.SecurityFilterAutoConfiguration, org.springframework.boot.autoconfigure.http.HttpMessageConvertersAutoConfiguration, org.springframework.boot.autoconfigure.security.oauth2.client.OAuth2ClientAutoConfiguration, org.springframework.boot.test.autoconfigure.web.servlet.MockMvcSecurityConfiguration, org.springframework.boot.test.autoconfigure.web.servlet.MockMvcWebClientAutoConfiguration, org.springframework.boot.test.autoconfigure.web.servlet.MockMvcWebDriverAutoConfiguration, org.springframework.boot.autoconfigure.thymeleaf.ThymeleafAutoConfiguration, org.springframework.boot.autoconfigure.gson.GsonAutoConfiguration, org.springframework.boot.autoconfigure.jsonb.JsonbAutoConfiguration, org.springframework.boot.autoconfigure.freemarker.FreeMarkerAutoConfiguration, org.springframework.boot.autoconfigure.web.servlet.WebMvcAutoConfiguration, org.springframework.boot.autoconfigure.security.servlet.UserDetailsServiceAutoConfiguration, org.springframework.boot.autoconfigure.security.oauth2.resource.servlet.OAuth2ResourceServerAutoConfiguration, org.springframework.boot.autoconfigure.groovy.template.GroovyTemplateAutoConfiguration, org.springframework.boot.autoconfigure.mustache.MustacheAutoConfiguration]], org.springframework.boot.test.context.filter.ExcludeFilterContextCustomizer@53251a66, org.springframework.boot.test.json.DuplicateJsonObjectContextCustomizerFactory$DuplicateJsonObjectContextCustomizer@21129f1f, org.springframework.boot.test.mock.mockito.MockitoContextCustomizer@b6805248, org.springframework.boot.test.web.reactor.netty.DisableReactorResourceFactoryGlobalResourcesContextCustomizerFactory$DisableReactorResourceFactoryGlobalResourcesContextCustomizerCustomizer@1ab06251, org.springframework.boot.test.autoconfigure.OnFailureConditionReportContextCustomizerFactory$OnFailureConditionReportContextCustomizer@1115ec15, org.springframework.boot.test.autoconfigure.OverrideAutoConfigurationContextCustomizerFactory$DisableAutoConfigurationContextCustomizer@3af0a9da, org.springframework.boot.test.autoconfigure.actuate.observability.ObservabilityContextCustomizerFactory$DisableObservabilityContextCustomizer@1f, org.springframework.boot.test.autoconfigure.filter.TypeExcludeFiltersContextCustomizer@e938c13a, org.springframework.boot.test.autoconfigure.properties.PropertyMappingContextCustomizer@2e355ed2, org.springframework.boot.test.autoconfigure.web.servlet.WebDriverContextCustomizer@27216cd, org.springframework.test.context.support.DynamicPropertiesContextCustomizer@0, org.springframework.boot.test.context.SpringBootTestAnnotation@4a1467b2], resourceBasePath = "src/main/webapp", contextLoader = org.springframework.boot.test.context.SpringBootContextLoader, parent = null]
	at org.springframework.test.context.cache.DefaultCacheAwareContextLoaderDelegate.loadContext(DefaultCacheAwareContextLoaderDelegate.java:180)
	at org.springframework.test.context.support.DefaultTestContext.getApplicationContext(DefaultTestContext.java:130)
	at org.springframework.boot.test.mock.mockito.MockitoTestExecutionListener.postProcessFields(MockitoTestExecutionListener.java:128)
	at org.springframework.boot.test.mock.mockito.MockitoTestExecutionListener.injectFields(MockitoTestExecutionListener.java:112)
	at org.springframework.boot.test.mock.mockito.MockitoTestExecutionListener.prepareTestInstance(MockitoTestExecutionListener.java:69)
	at org.springframework.test.context.TestContextManager.prepareTestInstance(TestContextManager.java:260)
	at org.springframework.test.context.junit.jupiter.SpringExtension.postProcessTestInstance(SpringExtension.java:159)
	at org.junit.jupiter.engine.descriptor.ClassBasedTestDescriptor.lambda$invokeTestInstancePostProcessors$10(ClassBasedTestDescriptor.java:383)
	at org.junit.jupiter.engine.descriptor.ClassBasedTestDescriptor.executeAndMaskThrowable(ClassBasedTestDescriptor.java:388)
	at org.junit.jupiter.engine.descriptor.ClassBasedTestDescriptor.lambda$invokeTestInstancePostProcessors$11(ClassBasedTestDescriptor.java:382)
	at java.base/java.util.stream.ForEachOps$ForEachOp$OfRef.accept(ForEachOps.java:184)
	at java.base/java.util.stream.ReferencePipeline$3$1.accept(ReferencePipeline.java:197)
	at java.base/java.util.stream.ReferencePipeline$2$1.accept(ReferencePipeline.java:179)
	at java.base/java.util.stream.ReferencePipeline$3$1.accept(ReferencePipeline.java:197)
	at java.base/java.util.ArrayList$ArrayListSpliterator.forEachRemaining(ArrayList.java:1708)
	at java.base/java.util.stream.AbstractPipeline.copyInto(AbstractPipeline.java:509)
	at java.base/java.util.stream.AbstractPipeline.wrapAndCopyInto(AbstractPipeline.java:499)
	at java.base/java.util.stream.ForEachOps$ForEachOp.evaluateSequential(ForEachOps.java:151)
	at java.base/java.util.stream.ForEachOps$ForEachOp$OfRef.evaluateSequential(ForEachOps.java:174)
	at java.base/java.util.stream.AbstractPipeline.evaluate(AbstractPipeline.java:234)
	at java.base/java.util.stream.ReferencePipeline.forEach(ReferencePipeline.java:596)
	at org.junit.jupiter.engine.descriptor.ClassBasedTestDescriptor.invokeTestInstancePostProcessors(ClassBasedTestDescriptor.java:382)
	at org.junit.jupiter.engine.descriptor.ClassBasedTestDescriptor.lambda$instantiateAndPostProcessTestInstance$6(ClassBasedTestDescriptor.java:293)
	at org.junit.platform.engine.support.hierarchical.ThrowableCollector.execute(ThrowableCollector.java:73)
	at org.junit.jupiter.engine.descriptor.ClassBasedTestDescriptor.instantiateAndPostProcessTestInstance(ClassBasedTestDescriptor.java:292)
	at org.junit.jupiter.engine.descriptor.ClassBasedTestDescriptor.lambda$testInstancesProvider$4(ClassBasedTestDescriptor.java:281)
	at java.base/java.util.Optional.orElseGet(Optional.java:364)
	at org.junit.jupiter.engine.descriptor.ClassBasedTestDescriptor.lambda$testInstancesProvider$5(ClassBasedTestDescriptor.java:280)
	at org.junit.jupiter.engine.execution.TestInstancesProvider.getTestInstances(TestInstancesProvider.java:27)
	at org.junit.jupiter.engine.descriptor.TestMethodTestDescriptor.lambda$prepare$0(TestMethodTestDescriptor.java:112)
	at org.junit.platform.engine.support.hierarchical.ThrowableCollector.execute(ThrowableCollector.java:73)
	at org.junit.jupiter.engine.descriptor.TestMethodTestDescriptor.prepare(TestMethodTestDescriptor.java:111)
	at org.junit.jupiter.engine.descriptor.TestMethodTestDescriptor.prepare(TestMethodTestDescriptor.java:69)
	at org.junit.platform.engine.support.hierarchical.NodeTestTask.lambda$prepare$2(NodeTestTask.java:128)
	at org.junit.platform.engine.support.hierarchical.ThrowableCollector.execute(ThrowableCollector.java:73)
	at org.junit.platform.engine.support.hierarchical.NodeTestTask.prepare(NodeTestTask.java:128)
	at org.junit.platform.engine.support.hierarchical.NodeTestTask.execute(NodeTestTask.java:95)
	at java.base/java.util.ArrayList.forEach(ArrayList.java:1596)
	at org.junit.platform.engine.support.hierarchical.SameThreadHierarchicalTestExecutorService.invokeAll(SameThreadHierarchicalTestExecutorService.java:41)
	at org.junit.platform.engine.support.hierarchical.NodeTestTask.lambda$executeRecursively$6(NodeTestTask.java:160)
	at org.junit.platform.engine.support.hierarchical.ThrowableCollector.execute(ThrowableCollector.java:73)
	at org.junit.platform.engine.support.hierarchical.NodeTestTask.lambda$executeRecursively$8(NodeTestTask.java:146)
	at org.junit.platform.engine.support.hierarchical.Node.around(Node.java:137)
	at org.junit.platform.engine.support.hierarchical.NodeTestTask.lambda$executeRecursively$9(NodeTestTask.java:144)
	at org.junit.platform.engine.support.hierarchical.ThrowableCollector.execute(ThrowableCollector.java:73)
	at org.junit.platform.engine.support.hierarchical.NodeTestTask.executeRecursively(NodeTestTask.java:143)
	at org.junit.platform.engine.support.hierarchical.NodeTestTask.execute(NodeTestTask.java:100)
	at java.base/java.util.ArrayList.forEach(ArrayList.java:1596)
	at org.junit.platform.engine.support.hierarchical.SameThreadHierarchicalTestExecutorService.invokeAll(SameThreadHierarchicalTestExecutorService.java:41)
	at org.junit.platform.engine.support.hierarchical.NodeTestTask.lambda$executeRecursively$6(NodeTestTask.java:160)
	at org.junit.platform.engine.support.hierarchical.ThrowableCollector.execute(ThrowableCollector.java:73)
	at org.junit.platform.engine.support.hierarchical.NodeTestTask.lambda$executeRecursively$8(NodeTestTask.java:146)
	at org.junit.platform.engine.support.hierarchical.Node.around(Node.java:137)
	at org.junit.platform.engine.support.hierarchical.NodeTestTask.lambda$executeRecursively$9(NodeTestTask.java:144)
	at org.junit.platform.engine.support.hierarchical.ThrowableCollector.execute(ThrowableCollector.java:73)
	at org.junit.platform.engine.support.hierarchical.NodeTestTask.executeRecursively(NodeTestTask.java:143)
	at org.junit.platform.engine.support.hierarchical.NodeTestTask.execute(NodeTestTask.java:100)
	at org.junit.platform.engine.support.hierarchical.SameThreadHierarchicalTestExecutorService.submit(SameThreadHierarchicalTestExecutorService.java:35)
	at org.junit.platform.engine.support.hierarchical.HierarchicalTestExecutor.execute(HierarchicalTestExecutor.java:57)
	at org.junit.platform.engine.support.hierarchical.HierarchicalTestEngine.execute(HierarchicalTestEngine.java:54)
	at org.junit.platform.launcher.core.EngineExecutionOrchestrator.execute(EngineExecutionOrchestrator.java:201)
	at org.junit.platform.launcher.core.EngineExecutionOrchestrator.execute(EngineExecutionOrchestrator.java:170)
	at org.junit.platform.launcher.core.EngineExecutionOrchestrator.execute(EngineExecutionOrchestrator.java:94)
	at org.junit.platform.launcher.core.EngineExecutionOrchestrator.lambda$execute$0(EngineExecutionOrchestrator.java:59)
	at org.junit.platform.launcher.core.EngineExecutionOrchestrator.withInterceptedStreams(EngineExecutionOrchestrator.java:142)
	at org.junit.platform.launcher.core.EngineExecutionOrchestrator.execute(EngineExecutionOrchestrator.java:58)
	at org.junit.platform.launcher.core.DefaultLauncher.execute(DefaultLauncher.java:103)
	at org.junit.platform.launcher.core.DefaultLauncher.execute(DefaultLauncher.java:85)
	at org.junit.platform.launcher.core.DelegatingLauncher.execute(DelegatingLauncher.java:47)
	at org.junit.platform.launcher.core.InterceptingLauncher.lambda$execute$1(InterceptingLauncher.java:39)
	at org.junit.platform.launcher.core.ClasspathAlignmentCheckingLauncherInterceptor.intercept(ClasspathAlignmentCheckingLauncherInterceptor.java:25)
	at org.junit.platform.launcher.core.InterceptingLauncher.execute(InterceptingLauncher.java:38)
	at org.junit.platform.launcher.core.DelegatingLauncher.execute(DelegatingLauncher.java:47)
	at org.apache.maven.surefire.junitplatform.LauncherAdapter.executeWithoutCancellationToken(LauncherAdapter.java:60)
	at org.apache.maven.surefire.junitplatform.LauncherAdapter.execute(LauncherAdapter.java:52)
	at org.apache.maven.surefire.junitplatform.JUnitPlatformProvider.execute(JUnitPlatformProvider.java:203)
	at org.apache.maven.surefire.junitplatform.JUnitPlatformProvider.invokeAllTests(JUnitPlatformProvider.java:168)
	at org.apache.maven.surefire.junitplatform.JUnitPlatformProvider.invoke(JUnitPlatformProvider.java:136)
	at org.apache.maven.surefire.booter.ForkedBooter.runSuitesInProcess(ForkedBooter.java:385)
	at org.apache.maven.surefire.booter.ForkedBooter.execute(ForkedBooter.java:162)
	at org.apache.maven.surefire.booter.ForkedBooter.run(ForkedBooter.java:507)
	at org.apache.maven.surefire.booter.ForkedBooter.main(ForkedBooter.java:495)
Caused by: java.lang.IllegalStateException: Could not initialize plugin: interface org.mockito.plugins.MockMaker (alternate: null)
	at org.mockito.internal.configuration.plugins.PluginLoader$1.invoke(PluginLoader.java:85)
	at jdk.proxy2/jdk.proxy2.$Proxy84.isTypeMockable(Unknown Source)
	at org.mockito.internal.util.MockUtil.typeMockabilityOf(MockUtil.java:78)
	at org.mockito.internal.util.MockCreationValidator.validateType(MockCreationValidator.java:22)
	at org.mockito.internal.creation.MockSettingsImpl.validatedSettings(MockSettingsImpl.java:275)
	at org.mockito.internal.creation.MockSettingsImpl.build(MockSettingsImpl.java:236)
	at org.mockito.internal.MockitoCore.mock(MockitoCore.java:82)
	at org.mockito.Mockito.mock(Mockito.java:2198)
	at org.springframework.boot.test.mock.mockito.MockDefinition.createMock(MockDefinition.java:161)
	at org.springframework.boot.test.mock.mockito.MockitoPostProcessor.registerMock(MockitoPostProcessor.java:190)
	at org.springframework.boot.test.mock.mockito.MockitoPostProcessor.register(MockitoPostProcessor.java:172)
	at org.springframework.boot.test.mock.mockito.MockitoPostProcessor.postProcessBeanFactory(MockitoPostProcessor.java:146)
	at org.springframework.boot.test.mock.mockito.MockitoPostProcessor.postProcessBeanFactory(MockitoPostProcessor.java:134)
	at org.springframework.context.support.PostProcessorRegistrationDelegate.invokeBeanFactoryPostProcessors(PostProcessorRegistrationDelegate.java:363)
	at org.springframework.context.support.PostProcessorRegistrationDelegate.invokeBeanFactoryPostProcessors(PostProcessorRegistrationDelegate.java:197)
	at org.springframework.context.support.AbstractApplicationContext.invokeBeanFactoryPostProcessors(AbstractApplicationContext.java:791)
	at org.springframework.context.support.AbstractApplicationContext.refresh(AbstractApplicationContext.java:609)
	at org.springframework.boot.SpringApplication.refresh(SpringApplication.java:752)
	at org.springframework.boot.SpringApplication.refreshContext(SpringApplication.java:439)
	at org.springframework.boot.SpringApplication.run(SpringApplication.java:318)
	at org.springframework.boot.test.context.SpringBootContextLoader.lambda$loadContext$3(SpringBootContextLoader.java:144)
	at org.springframework.util.function.ThrowingSupplier.get(ThrowingSupplier.java:58)
	at org.springframework.util.function.ThrowingSupplier.get(ThrowingSupplier.java:46)
	at org.springframework.boot.SpringApplication.withHook(SpringApplication.java:1461)
	at org.springframework.boot.test.context.SpringBootContextLoader$ContextLoaderHook.run(SpringBootContextLoader.java:563)
	at org.springframework.boot.test.context.SpringBootContextLoader.loadContext(SpringBootContextLoader.java:144)
	at org.springframework.boot.test.context.SpringBootContextLoader.loadContext(SpringBootContextLoader.java:110)
	at org.springframework.test.context.cache.DefaultCacheAwareContextLoaderDelegate.loadContextInternal(DefaultCacheAwareContextLoaderDelegate.java:225)
	at org.springframework.test.context.cache.DefaultCacheAwareContextLoaderDelegate.loadContext(DefaultCacheAwareContextLoaderDelegate.java:152)
	... 81 common frames omitted
Caused by: java.lang.IllegalStateException: Internal problem occurred, please report it. Mockito is unable to load the default implementation of class that is a part of Mockito distribution. Failed to load interface org.mockito.plugins.MockMaker
	at org.mockito.internal.configuration.plugins.DefaultMockitoPlugins.create(DefaultMockitoPlugins.java:105)
	at org.mockito.internal.configuration.plugins.DefaultMockitoPlugins.getDefaultPlugin(DefaultMockitoPlugins.java:79)
	at org.mockito.internal.configuration.plugins.PluginLoader.loadPlugin(PluginLoader.java:75)
	at org.mockito.internal.configuration.plugins.PluginLoader.loadPlugin(PluginLoader.java:49)
	at org.mockito.internal.configuration.plugins.PluginRegistry.<init>(PluginRegistry.java:29)
	at org.mockito.internal.configuration.plugins.Plugins.<clinit>(Plugins.java:26)
	at org.mockito.internal.MockitoCore.<clinit>(MockitoCore.java:71)
	at org.mockito.Mockito.<clinit>(Mockito.java:1777)
	at org.springframework.boot.test.mock.mockito.MockReset.withSettings(MockReset.java:84)
	at org.springframework.boot.test.mock.mockito.MockDefinition.createMock(MockDefinition.java:150)
	... 101 common frames omitted
Caused by: java.lang.reflect.InvocationTargetException: null
	at java.base/jdk.internal.reflect.DirectConstructorHandleAccessor.newInstance(DirectConstructorHandleAccessor.java:74)
	at java.base/java.lang.reflect.Constructor.newInstanceWithCaller(Constructor.java:502)
	at java.base/java.lang.reflect.Constructor.newInstance(Constructor.java:486)
	at org.mockito.internal.configuration.plugins.DefaultMockitoPlugins.create(DefaultMockitoPlugins.java:103)
	... 110 common frames omitted
Caused by: org.mockito.exceptions.base.MockitoInitializationException: 
Could not initialize inline Byte Buddy mock maker.

It appears as if your JDK does not supply a working agent attachment mechanism.
Java               : 21
JVM vendor name    : Ubuntu
JVM vendor version : 21.0.11-ea+8-Ubuntu-1
JVM name           : OpenJDK 64-Bit Server VM
JVM version        : 21.0.11-ea+8-Ubuntu-1
JVM info           : mixed mode, sharing
OS name            : Linux
OS version         : 7.0.0-15-generic

	at org.mockito.internal.creation.bytebuddy.InlineDelegateByteBuddyMockMaker.<init>(InlineDelegateByteBuddyMockMaker.java:275)
	at org.mockito.internal.creation.bytebuddy.InlineByteBuddyMockMaker.<init>(InlineByteBuddyMockMaker.java:23)
	at java.base/jdk.internal.reflect.DirectConstructorHandleAccessor.newInstance(DirectConstructorHandleAccessor.java:62)
	... 113 common frames omitted
Caused by: java.lang.IllegalStateException: Could not self-attach to current VM using external process - set a property net.bytebuddy.agent.attacher.dump to dump the process output to a file at the specified location
	at net.bytebuddy.agent.ByteBuddyAgent.installExternal(ByteBuddyAgent.java:672)
	at net.bytebuddy.agent.ByteBuddyAgent.install(ByteBuddyAgent.java:599)
	at net.bytebuddy.agent.ByteBuddyAgent.install(ByteBuddyAgent.java:579)
	at net.bytebuddy.agent.ByteBuddyAgent.install(ByteBuddyAgent.java:531)
	at net.bytebuddy.agent.ByteBuddyAgent.install(ByteBuddyAgent.java:508)
	at org.mockito.internal.PremainAttachAccess.getInstrumentation(PremainAttachAccess.java:80)
	at org.mockito.internal.creation.bytebuddy.InlineDelegateByteBuddyMockMaker.<clinit>(InlineDelegateByteBuddyMockMaker.java:138)
	... 115 common frames omitted
2026-05-22T09:45:42.592 WARN  [main] o.s.test.context.TestContextManager - Caught exception while allowing TestExecutionListener [org.springframework.boot.test.mock.mockito.MockitoTestExecutionListener] to prepare test instance [br.com.frotasPro.api.auth.AuthIntegrationTest@7dee835]
java.lang.IllegalStateException: ApplicationContext failure threshold (1) exceeded: skipping repeated attempt to load context for [WebMergedContextConfiguration@11787b64 testClass = br.com.frotasPro.api.auth.AuthIntegrationTest, locations = [], classes = [br.com.frotasPro.api.FrotaProApplication, br.com.frotasPro.api.auth.AuthIntegrationTest.TestSecurityConfig], contextInitializerClasses = [], activeProfiles = [], propertySourceDescriptors = [], propertySourceProperties = ["org.springframework.boot.test.autoconfigure.web.servlet.WebMvcTestContextBootstrapper=true"], contextCustomizers = [[ImportsContextCustomizer@5707f613 key = [org.springframework.boot.autoconfigure.security.oauth2.client.servlet.OAuth2ClientWebSecurityAutoConfiguration, br.com.frotasPro.api.auth.AuthIntegrationTest$TestSecurityConfig, org.springframework.boot.autoconfigure.task.TaskExecutionAutoConfiguration, org.springframework.boot.autoconfigure.cache.CacheAutoConfiguration, org.springframework.boot.autoconfigure.web.servlet.HttpEncodingAutoConfiguration, org.springframework.boot.autoconfigure.validation.ValidationAutoConfiguration, org.springframework.boot.autoconfigure.security.saml2.Saml2RelyingPartyAutoConfiguration, org.springframework.boot.autoconfigure.context.MessageSourceAutoConfiguration, org.springframework.boot.autoconfigure.hateoas.HypermediaAutoConfiguration, org.springframework.boot.autoconfigure.jackson.JacksonAutoConfiguration, org.springframework.boot.autoconfigure.data.web.SpringDataWebAutoConfiguration, org.springframework.boot.test.autoconfigure.web.reactive.WebTestClientAutoConfiguration, org.springframework.boot.autoconfigure.web.servlet.error.ErrorMvcAutoConfiguration, org.springframework.boot.test.autoconfigure.web.servlet.MockMvcAutoConfiguration, org.springframework.boot.autoconfigure.security.servlet.SecurityAutoConfiguration, org.springframework.boot.autoconfigure.security.servlet.SecurityFilterAutoConfiguration, org.springframework.boot.autoconfigure.http.HttpMessageConvertersAutoConfiguration, org.springframework.boot.autoconfigure.security.oauth2.client.OAuth2ClientAutoConfiguration, org.springframework.boot.test.autoconfigure.web.servlet.MockMvcSecurityConfiguration, org.springframework.boot.test.autoconfigure.web.servlet.MockMvcWebClientAutoConfiguration, org.springframework.boot.test.autoconfigure.web.servlet.MockMvcWebDriverAutoConfiguration, org.springframework.boot.autoconfigure.thymeleaf.ThymeleafAutoConfiguration, org.springframework.boot.autoconfigure.gson.GsonAutoConfiguration, org.springframework.boot.autoconfigure.jsonb.JsonbAutoConfiguration, org.springframework.boot.autoconfigure.freemarker.FreeMarkerAutoConfiguration, org.springframework.boot.autoconfigure.web.servlet.WebMvcAutoConfiguration, org.springframework.boot.autoconfigure.security.servlet.UserDetailsServiceAutoConfiguration, org.springframework.boot.autoconfigure.security.oauth2.resource.servlet.OAuth2ResourceServerAutoConfiguration, org.springframework.boot.autoconfigure.groovy.template.GroovyTemplateAutoConfiguration, org.springframework.boot.autoconfigure.mustache.MustacheAutoConfiguration]], org.springframework.boot.test.context.filter.ExcludeFilterContextCustomizer@53251a66, org.springframework.boot.test.json.DuplicateJsonObjectContextCustomizerFactory$DuplicateJsonObjectContextCustomizer@21129f1f, org.springframework.boot.test.mock.mockito.MockitoContextCustomizer@b6805248, org.springframework.boot.test.web.reactor.netty.DisableReactorResourceFactoryGlobalResourcesContextCustomizerFactory$DisableReactorResourceFactoryGlobalResourcesContextCustomizerCustomizer@1ab06251, org.springframework.boot.test.autoconfigure.OnFailureConditionReportContextCustomizerFactory$OnFailureConditionReportContextCustomizer@1115ec15, org.springframework.boot.test.autoconfigure.OverrideAutoConfigurationContextCustomizerFactory$DisableAutoConfigurationContextCustomizer@3af0a9da, org.springframework.boot.test.autoconfigure.actuate.observability.ObservabilityContextCustomizerFactory$DisableObservabilityContextCustomizer@1f, org.springframework.boot.test.autoconfigure.filter.TypeExcludeFiltersContextCustomizer@e938c13a, org.springframework.boot.test.autoconfigure.properties.PropertyMappingContextCustomizer@2e355ed2, org.springframework.boot.test.autoconfigure.web.servlet.WebDriverContextCustomizer@27216cd, org.springframework.test.context.support.DynamicPropertiesContextCustomizer@0, org.springframework.boot.test.context.SpringBootTestAnnotation@4a1467b2], resourceBasePath = "src/main/webapp", contextLoader = org.springframework.boot.test.context.SpringBootContextLoader, parent = null]
	at org.springframework.test.context.cache.DefaultCacheAwareContextLoaderDelegate.loadContext(DefaultCacheAwareContextLoaderDelegate.java:145)
	at org.springframework.test.context.support.DefaultTestContext.getApplicationContext(DefaultTestContext.java:130)
	at org.springframework.boot.test.mock.mockito.MockitoTestExecutionListener.postProcessFields(MockitoTestExecutionListener.java:128)
	at org.springframework.boot.test.mock.mockito.MockitoTestExecutionListener.injectFields(MockitoTestExecutionListener.java:112)
	at org.springframework.boot.test.mock.mockito.MockitoTestExecutionListener.prepareTestInstance(MockitoTestExecutionListener.java:69)
	at org.springframework.test.context.TestContextManager.prepareTestInstance(TestContextManager.java:260)
	at org.springframework.test.context.junit.jupiter.SpringExtension.postProcessTestInstance(SpringExtension.java:159)
	at org.junit.jupiter.engine.descriptor.ClassBasedTestDescriptor.lambda$invokeTestInstancePostProcessors$10(ClassBasedTestDescriptor.java:383)
	at org.junit.jupiter.engine.descriptor.ClassBasedTestDescriptor.executeAndMaskThrowable(ClassBasedTestDescriptor.java:388)
	at org.junit.jupiter.engine.descriptor.ClassBasedTestDescriptor.lambda$invokeTestInstancePostProcessors$11(ClassBasedTestDescriptor.java:382)
	at java.base/java.util.stream.ForEachOps$ForEachOp$OfRef.accept(ForEachOps.java:184)
	at java.base/java.util.stream.ReferencePipeline$3$1.accept(ReferencePipeline.java:197)
	at java.base/java.util.stream.ReferencePipeline$2$1.accept(ReferencePipeline.java:179)
	at java.base/java.util.stream.ReferencePipeline$3$1.accept(ReferencePipeline.java:197)
	at java.base/java.util.ArrayList$ArrayListSpliterator.forEachRemaining(ArrayList.java:1708)
	at java.base/java.util.stream.AbstractPipeline.copyInto(AbstractPipeline.java:509)
	at java.base/java.util.stream.AbstractPipeline.wrapAndCopyInto(AbstractPipeline.java:499)
	at java.base/java.util.stream.ForEachOps$ForEachOp.evaluateSequential(ForEachOps.java:151)
	at java.base/java.util.stream.ForEachOps$ForEachOp$OfRef.evaluateSequential(ForEachOps.java:174)
	at java.base/java.util.stream.AbstractPipeline.evaluate(AbstractPipeline.java:234)
	at java.base/java.util.stream.ReferencePipeline.forEach(ReferencePipeline.java:596)
	at org.junit.jupiter.engine.descriptor.ClassBasedTestDescriptor.invokeTestInstancePostProcessors(ClassBasedTestDescriptor.java:382)
	at org.junit.jupiter.engine.descriptor.ClassBasedTestDescriptor.lambda$instantiateAndPostProcessTestInstance$6(ClassBasedTestDescriptor.java:293)
	at org.junit.platform.engine.support.hierarchical.ThrowableCollector.execute(ThrowableCollector.java:73)
	at org.junit.jupiter.engine.descriptor.ClassBasedTestDescriptor.instantiateAndPostProcessTestInstance(ClassBasedTestDescriptor.java:292)
	at org.junit.jupiter.engine.descriptor.ClassBasedTestDescriptor.lambda$testInstancesProvider$4(ClassBasedTestDescriptor.java:281)
	at java.base/java.util.Optional.orElseGet(Optional.java:364)
	at org.junit.jupiter.engine.descriptor.ClassBasedTestDescriptor.lambda$testInstancesProvider$5(ClassBasedTestDescriptor.java:280)
	at org.junit.jupiter.engine.execution.TestInstancesProvider.getTestInstances(TestInstancesProvider.java:27)
	at org.junit.jupiter.engine.descriptor.TestMethodTestDescriptor.lambda$prepare$0(TestMethodTestDescriptor.java:112)
	at org.junit.platform.engine.support.hierarchical.ThrowableCollector.execute(ThrowableCollector.java:73)
	at org.junit.jupiter.engine.descriptor.TestMethodTestDescriptor.prepare(TestMethodTestDescriptor.java:111)
	at org.junit.jupiter.engine.descriptor.TestMethodTestDescriptor.prepare(TestMethodTestDescriptor.java:69)
	at org.junit.platform.engine.support.hierarchical.NodeTestTask.lambda$prepare$2(NodeTestTask.java:128)
	at org.junit.platform.engine.support.hierarchical.ThrowableCollector.execute(ThrowableCollector.java:73)
	at org.junit.platform.engine.support.hierarchical.NodeTestTask.prepare(NodeTestTask.java:128)
	at org.junit.platform.engine.support.hierarchical.NodeTestTask.execute(NodeTestTask.java:95)
	at java.base/java.util.ArrayList.forEach(ArrayList.java:1596)
	at org.junit.platform.engine.support.hierarchical.SameThreadHierarchicalTestExecutorService.invokeAll(SameThreadHierarchicalTestExecutorService.java:41)
	at org.junit.platform.engine.support.hierarchical.NodeTestTask.lambda$executeRecursively$6(NodeTestTask.java:160)
	at org.junit.platform.engine.support.hierarchical.ThrowableCollector.execute(ThrowableCollector.java:73)
	at org.junit.platform.engine.support.hierarchical.NodeTestTask.lambda$executeRecursively$8(NodeTestTask.java:146)
	at org.junit.platform.engine.support.hierarchical.Node.around(Node.java:137)
	at org.junit.platform.engine.support.hierarchical.NodeTestTask.lambda$executeRecursively$9(NodeTestTask.java:144)
	at org.junit.platform.engine.support.hierarchical.ThrowableCollector.execute(ThrowableCollector.java:73)
	at org.junit.platform.engine.support.hierarchical.NodeTestTask.executeRecursively(NodeTestTask.java:143)
	at org.junit.platform.engine.support.hierarchical.NodeTestTask.execute(NodeTestTask.java:100)
	at java.base/java.util.ArrayList.forEach(ArrayList.java:1596)
	at org.junit.platform.engine.support.hierarchical.SameThreadHierarchicalTestExecutorService.invokeAll(SameThreadHierarchicalTestExecutorService.java:41)
	at org.junit.platform.engine.support.hierarchical.NodeTestTask.lambda$executeRecursively$6(NodeTestTask.java:160)
	at org.junit.platform.engine.support.hierarchical.ThrowableCollector.execute(ThrowableCollector.java:73)
	at org.junit.platform.engine.support.hierarchical.NodeTestTask.lambda$executeRecursively$8(NodeTestTask.java:146)
	at org.junit.platform.engine.support.hierarchical.Node.around(Node.java:137)
	at org.junit.platform.engine.support.hierarchical.NodeTestTask.lambda$executeRecursively$9(NodeTestTask.java:144)
	at org.junit.platform.engine.support.hierarchical.ThrowableCollector.execute(ThrowableCollector.java:73)
	at org.junit.platform.engine.support.hierarchical.NodeTestTask.executeRecursively(NodeTestTask.java:143)
	at org.junit.platform.engine.support.hierarchical.NodeTestTask.execute(NodeTestTask.java:100)
	at org.junit.platform.engine.support.hierarchical.SameThreadHierarchicalTestExecutorService.submit(SameThreadHierarchicalTestExecutorService.java:35)
	at org.junit.platform.engine.support.hierarchical.HierarchicalTestExecutor.execute(HierarchicalTestExecutor.java:57)
	at org.junit.platform.engine.support.hierarchical.HierarchicalTestEngine.execute(HierarchicalTestEngine.java:54)
	at org.junit.platform.launcher.core.EngineExecutionOrchestrator.execute(EngineExecutionOrchestrator.java:201)
	at org.junit.platform.launcher.core.EngineExecutionOrchestrator.execute(EngineExecutionOrchestrator.java:170)
	at org.junit.platform.launcher.core.EngineExecutionOrchestrator.execute(EngineExecutionOrchestrator.java:94)
	at org.junit.platform.launcher.core.EngineExecutionOrchestrator.lambda$execute$0(EngineExecutionOrchestrator.java:59)
	at org.junit.platform.launcher.core.EngineExecutionOrchestrator.withInterceptedStreams(EngineExecutionOrchestrator.java:142)
	at org.junit.platform.launcher.core.EngineExecutionOrchestrator.execute(EngineExecutionOrchestrator.java:58)
	at org.junit.platform.launcher.core.DefaultLauncher.execute(DefaultLauncher.java:103)
	at org.junit.platform.launcher.core.DefaultLauncher.execute(DefaultLauncher.java:85)
	at org.junit.platform.launcher.core.DelegatingLauncher.execute(DelegatingLauncher.java:47)
	at org.junit.platform.launcher.core.InterceptingLauncher.lambda$execute$1(InterceptingLauncher.java:39)
	at org.junit.platform.launcher.core.ClasspathAlignmentCheckingLauncherInterceptor.intercept(ClasspathAlignmentCheckingLauncherInterceptor.java:25)
	at org.junit.platform.launcher.core.InterceptingLauncher.execute(InterceptingLauncher.java:38)
	at org.junit.platform.launcher.core.DelegatingLauncher.execute(DelegatingLauncher.java:47)
	at org.apache.maven.surefire.junitplatform.LauncherAdapter.executeWithoutCancellationToken(LauncherAdapter.java:60)
	at org.apache.maven.surefire.junitplatform.LauncherAdapter.execute(LauncherAdapter.java:52)
	at org.apache.maven.surefire.junitplatform.JUnitPlatformProvider.execute(JUnitPlatformProvider.java:203)
	at org.apache.maven.surefire.junitplatform.JUnitPlatformProvider.invokeAllTests(JUnitPlatformProvider.java:168)
	at org.apache.maven.surefire.junitplatform.JUnitPlatformProvider.invoke(JUnitPlatformProvider.java:136)
	at org.apache.maven.surefire.booter.ForkedBooter.runSuitesInProcess(ForkedBooter.java:385)
	at org.apache.maven.surefire.booter.ForkedBooter.execute(ForkedBooter.java:162)
	at org.apache.maven.surefire.booter.ForkedBooter.run(ForkedBooter.java:507)
	at org.apache.maven.surefire.booter.ForkedBooter.main(ForkedBooter.java:495)
2026-05-22T09:45:42.598 WARN  [main] o.s.test.context.TestContextManager - Caught exception while allowing TestExecutionListener [org.springframework.boot.test.mock.mockito.MockitoTestExecutionListener] to prepare test instance [br.com.frotasPro.api.auth.AuthIntegrationTest@6e02721d]
java.lang.IllegalStateException: ApplicationContext failure threshold (1) exceeded: skipping repeated attempt to load context for [WebMergedContextConfiguration@11787b64 testClass = br.com.frotasPro.api.auth.AuthIntegrationTest, locations = [], classes = [br.com.frotasPro.api.FrotaProApplication, br.com.frotasPro.api.auth.AuthIntegrationTest.TestSecurityConfig], contextInitializerClasses = [], activeProfiles = [], propertySourceDescriptors = [], propertySourceProperties = ["org.springframework.boot.test.autoconfigure.web.servlet.WebMvcTestContextBootstrapper=true"], contextCustomizers = [[ImportsContextCustomizer@5707f613 key = [org.springframework.boot.autoconfigure.security.oauth2.client.servlet.OAuth2ClientWebSecurityAutoConfiguration, br.com.frotasPro.api.auth.AuthIntegrationTest$TestSecurityConfig, org.springframework.boot.autoconfigure.task.TaskExecutionAutoConfiguration, org.springframework.boot.autoconfigure.cache.CacheAutoConfiguration, org.springframework.boot.autoconfigure.web.servlet.HttpEncodingAutoConfiguration, org.springframework.boot.autoconfigure.validation.ValidationAutoConfiguration, org.springframework.boot.autoconfigure.security.saml2.Saml2RelyingPartyAutoConfiguration, org.springframework.boot.autoconfigure.context.MessageSourceAutoConfiguration, org.springframework.boot.autoconfigure.hateoas.HypermediaAutoConfiguration, org.springframework.boot.autoconfigure.jackson.JacksonAutoConfiguration, org.springframework.boot.autoconfigure.data.web.SpringDataWebAutoConfiguration, org.springframework.boot.test.autoconfigure.web.reactive.WebTestClientAutoConfiguration, org.springframework.boot.autoconfigure.web.servlet.error.ErrorMvcAutoConfiguration, org.springframework.boot.test.autoconfigure.web.servlet.MockMvcAutoConfiguration, org.springframework.boot.autoconfigure.security.servlet.SecurityAutoConfiguration, org.springframework.boot.autoconfigure.security.servlet.SecurityFilterAutoConfiguration, org.springframework.boot.autoconfigure.http.HttpMessageConvertersAutoConfiguration, org.springframework.boot.autoconfigure.security.oauth2.client.OAuth2ClientAutoConfiguration, org.springframework.boot.test.autoconfigure.web.servlet.MockMvcSecurityConfiguration, org.springframework.boot.test.autoconfigure.web.servlet.MockMvcWebClientAutoConfiguration, org.springframework.boot.test.autoconfigure.web.servlet.MockMvcWebDriverAutoConfiguration, org.springframework.boot.autoconfigure.thymeleaf.ThymeleafAutoConfiguration, org.springframework.boot.autoconfigure.gson.GsonAutoConfiguration, org.springframework.boot.autoconfigure.jsonb.JsonbAutoConfiguration, org.springframework.boot.autoconfigure.freemarker.FreeMarkerAutoConfiguration, org.springframework.boot.autoconfigure.web.servlet.WebMvcAutoConfiguration, org.springframework.boot.autoconfigure.security.servlet.UserDetailsServiceAutoConfiguration, org.springframework.boot.autoconfigure.security.oauth2.resource.servlet.OAuth2ResourceServerAutoConfiguration, org.springframework.boot.autoconfigure.groovy.template.GroovyTemplateAutoConfiguration, org.springframework.boot.autoconfigure.mustache.MustacheAutoConfiguration]], org.springframework.boot.test.context.filter.ExcludeFilterContextCustomizer@53251a66, org.springframework.boot.test.json.DuplicateJsonObjectContextCustomizerFactory$DuplicateJsonObjectContextCustomizer@21129f1f, org.springframework.boot.test.mock.mockito.MockitoContextCustomizer@b6805248, org.springframework.boot.test.web.reactor.netty.DisableReactorResourceFactoryGlobalResourcesContextCustomizerFactory$DisableReactorResourceFactoryGlobalResourcesContextCustomizerCustomizer@1ab06251, org.springframework.boot.test.autoconfigure.OnFailureConditionReportContextCustomizerFactory$OnFailureConditionReportContextCustomizer@1115ec15, org.springframework.boot.test.autoconfigure.OverrideAutoConfigurationContextCustomizerFactory$DisableAutoConfigurationContextCustomizer@3af0a9da, org.springframework.boot.test.autoconfigure.actuate.observability.ObservabilityContextCustomizerFactory$DisableObservabilityContextCustomizer@1f, org.springframework.boot.test.autoconfigure.filter.TypeExcludeFiltersContextCustomizer@e938c13a, org.springframework.boot.test.autoconfigure.properties.PropertyMappingContextCustomizer@2e355ed2, org.springframework.boot.test.autoconfigure.web.servlet.WebDriverContextCustomizer@27216cd, org.springframework.test.context.support.DynamicPropertiesContextCustomizer@0, org.springframework.boot.test.context.SpringBootTestAnnotation@4a1467b2], resourceBasePath = "src/main/webapp", contextLoader = org.springframework.boot.test.context.SpringBootContextLoader, parent = null]
	at org.springframework.test.context.cache.DefaultCacheAwareContextLoaderDelegate.loadContext(DefaultCacheAwareContextLoaderDelegate.java:145)
	at org.springframework.test.context.support.DefaultTestContext.getApplicationContext(DefaultTestContext.java:130)
	at org.springframework.boot.test.mock.mockito.MockitoTestExecutionListener.postProcessFields(MockitoTestExecutionListener.java:128)
	at org.springframework.boot.test.mock.mockito.MockitoTestExecutionListener.injectFields(MockitoTestExecutionListener.java:112)
	at org.springframework.boot.test.mock.mockito.MockitoTestExecutionListener.prepareTestInstance(MockitoTestExecutionListener.java:69)
	at org.springframework.test.context.TestContextManager.prepareTestInstance(TestContextManager.java:260)
	at org.springframework.test.context.junit.jupiter.SpringExtension.postProcessTestInstance(SpringExtension.java:159)
	at org.junit.jupiter.engine.descriptor.ClassBasedTestDescriptor.lambda$invokeTestInstancePostProcessors$10(ClassBasedTestDescriptor.java:383)
	at org.junit.jupiter.engine.descriptor.ClassBasedTestDescriptor.executeAndMaskThrowable(ClassBasedTestDescriptor.java:388)
	at org.junit.jupiter.engine.descriptor.ClassBasedTestDescriptor.lambda$invokeTestInstancePostProcessors$11(ClassBasedTestDescriptor.java:382)
	at java.base/java.util.stream.ForEachOps$ForEachOp$OfRef.accept(ForEachOps.java:184)
	at java.base/java.util.stream.ReferencePipeline$3$1.accept(ReferencePipeline.java:197)
	at java.base/java.util.stream.ReferencePipeline$2$1.accept(ReferencePipeline.java:179)
	at java.base/java.util.stream.ReferencePipeline$3$1.accept(ReferencePipeline.java:197)
	at java.base/java.util.ArrayList$ArrayListSpliterator.forEachRemaining(ArrayList.java:1708)
	at java.base/java.util.stream.AbstractPipeline.copyInto(AbstractPipeline.java:509)
	at java.base/java.util.stream.AbstractPipeline.wrapAndCopyInto(AbstractPipeline.java:499)
	at java.base/java.util.stream.ForEachOps$ForEachOp.evaluateSequential(ForEachOps.java:151)
	at java.base/java.util.stream.ForEachOps$ForEachOp$OfRef.evaluateSequential(ForEachOps.java:174)
	at java.base/java.util.stream.AbstractPipeline.evaluate(AbstractPipeline.java:234)
	at java.base/java.util.stream.ReferencePipeline.forEach(ReferencePipeline.java:596)
	at org.junit.jupiter.engine.descriptor.ClassBasedTestDescriptor.invokeTestInstancePostProcessors(ClassBasedTestDescriptor.java:382)
	at org.junit.jupiter.engine.descriptor.ClassBasedTestDescriptor.lambda$instantiateAndPostProcessTestInstance$6(ClassBasedTestDescriptor.java:293)
	at org.junit.platform.engine.support.hierarchical.ThrowableCollector.execute(ThrowableCollector.java:73)
	at org.junit.jupiter.engine.descriptor.ClassBasedTestDescriptor.instantiateAndPostProcessTestInstance(ClassBasedTestDescriptor.java:292)
	at org.junit.jupiter.engine.descriptor.ClassBasedTestDescriptor.lambda$testInstancesProvider$4(ClassBasedTestDescriptor.java:281)
	at java.base/java.util.Optional.orElseGet(Optional.java:364)
	at org.junit.jupiter.engine.descriptor.ClassBasedTestDescriptor.lambda$testInstancesProvider$5(ClassBasedTestDescriptor.java:280)
	at org.junit.jupiter.engine.execution.TestInstancesProvider.getTestInstances(TestInstancesProvider.java:27)
	at org.junit.jupiter.engine.descriptor.TestMethodTestDescriptor.lambda$prepare$0(TestMethodTestDescriptor.java:112)
	at org.junit.platform.engine.support.hierarchical.ThrowableCollector.execute(ThrowableCollector.java:73)
	at org.junit.jupiter.engine.descriptor.TestMethodTestDescriptor.prepare(TestMethodTestDescriptor.java:111)
	at org.junit.jupiter.engine.descriptor.TestMethodTestDescriptor.prepare(TestMethodTestDescriptor.java:69)
	at org.junit.platform.engine.support.hierarchical.NodeTestTask.lambda$prepare$2(NodeTestTask.java:128)
	at org.junit.platform.engine.support.hierarchical.ThrowableCollector.execute(ThrowableCollector.java:73)
	at org.junit.platform.engine.support.hierarchical.NodeTestTask.prepare(NodeTestTask.java:128)
	at org.junit.platform.engine.support.hierarchical.NodeTestTask.execute(NodeTestTask.java:95)
	at java.base/java.util.ArrayList.forEach(ArrayList.java:1596)
	at org.junit.platform.engine.support.hierarchical.SameThreadHierarchicalTestExecutorService.invokeAll(SameThreadHierarchicalTestExecutorService.java:41)
	at org.junit.platform.engine.support.hierarchical.NodeTestTask.lambda$executeRecursively$6(NodeTestTask.java:160)
	at org.junit.platform.engine.support.hierarchical.ThrowableCollector.execute(ThrowableCollector.java:73)
	at org.junit.platform.engine.support.hierarchical.NodeTestTask.lambda$executeRecursively$8(NodeTestTask.java:146)
	at org.junit.platform.engine.support.hierarchical.Node.around(Node.java:137)
	at org.junit.platform.engine.support.hierarchical.NodeTestTask.lambda$executeRecursively$9(NodeTestTask.java:144)
	at org.junit.platform.engine.support.hierarchical.ThrowableCollector.execute(ThrowableCollector.java:73)
	at org.junit.platform.engine.support.hierarchical.NodeTestTask.executeRecursively(NodeTestTask.java:143)
	at org.junit.platform.engine.support.hierarchical.NodeTestTask.execute(NodeTestTask.java:100)
	at java.base/java.util.ArrayList.forEach(ArrayList.java:1596)
	at org.junit.platform.engine.support.hierarchical.SameThreadHierarchicalTestExecutorService.invokeAll(SameThreadHierarchicalTestExecutorService.java:41)
	at org.junit.platform.engine.support.hierarchical.NodeTestTask.lambda$executeRecursively$6(NodeTestTask.java:160)
	at org.junit.platform.engine.support.hierarchical.ThrowableCollector.execute(ThrowableCollector.java:73)
	at org.junit.platform.engine.support.hierarchical.NodeTestTask.lambda$executeRecursively$8(NodeTestTask.java:146)
	at org.junit.platform.engine.support.hierarchical.Node.around(Node.java:137)
	at org.junit.platform.engine.support.hierarchical.NodeTestTask.lambda$executeRecursively$9(NodeTestTask.java:144)
	at org.junit.platform.engine.support.hierarchical.ThrowableCollector.execute(ThrowableCollector.java:73)
	at org.junit.platform.engine.support.hierarchical.NodeTestTask.executeRecursively(NodeTestTask.java:143)
	at org.junit.platform.engine.support.hierarchical.NodeTestTask.execute(NodeTestTask.java:100)
	at org.junit.platform.engine.support.hierarchical.SameThreadHierarchicalTestExecutorService.submit(SameThreadHierarchicalTestExecutorService.java:35)
	at org.junit.platform.engine.support.hierarchical.HierarchicalTestExecutor.execute(HierarchicalTestExecutor.java:57)
	at org.junit.platform.engine.support.hierarchical.HierarchicalTestEngine.execute(HierarchicalTestEngine.java:54)
	at org.junit.platform.launcher.core.EngineExecutionOrchestrator.execute(EngineExecutionOrchestrator.java:201)
	at org.junit.platform.launcher.core.EngineExecutionOrchestrator.execute(EngineExecutionOrchestrator.java:170)
	at org.junit.platform.launcher.core.EngineExecutionOrchestrator.execute(EngineExecutionOrchestrator.java:94)
	at org.junit.platform.launcher.core.EngineExecutionOrchestrator.lambda$execute$0(EngineExecutionOrchestrator.java:59)
	at org.junit.platform.launcher.core.EngineExecutionOrchestrator.withInterceptedStreams(EngineExecutionOrchestrator.java:142)
	at org.junit.platform.launcher.core.EngineExecutionOrchestrator.execute(EngineExecutionOrchestrator.java:58)
	at org.junit.platform.launcher.core.DefaultLauncher.execute(DefaultLauncher.java:103)
	at org.junit.platform.launcher.core.DefaultLauncher.execute(DefaultLauncher.java:85)
	at org.junit.platform.launcher.core.DelegatingLauncher.execute(DelegatingLauncher.java:47)
	at org.junit.platform.launcher.core.InterceptingLauncher.lambda$execute$1(InterceptingLauncher.java:39)
	at org.junit.platform.launcher.core.ClasspathAlignmentCheckingLauncherInterceptor.intercept(ClasspathAlignmentCheckingLauncherInterceptor.java:25)
	at org.junit.platform.launcher.core.InterceptingLauncher.execute(InterceptingLauncher.java:38)
	at org.junit.platform.launcher.core.DelegatingLauncher.execute(DelegatingLauncher.java:47)
	at org.apache.maven.surefire.junitplatform.LauncherAdapter.executeWithoutCancellationToken(LauncherAdapter.java:60)
	at org.apache.maven.surefire.junitplatform.LauncherAdapter.execute(LauncherAdapter.java:52)
	at org.apache.maven.surefire.junitplatform.JUnitPlatformProvider.execute(JUnitPlatformProvider.java:203)
	at org.apache.maven.surefire.junitplatform.JUnitPlatformProvider.invokeAllTests(JUnitPlatformProvider.java:168)
	at org.apache.maven.surefire.junitplatform.JUnitPlatformProvider.invoke(JUnitPlatformProvider.java:136)
	at org.apache.maven.surefire.booter.ForkedBooter.runSuitesInProcess(ForkedBooter.java:385)
	at org.apache.maven.surefire.booter.ForkedBooter.execute(ForkedBooter.java:162)
	at org.apache.maven.surefire.booter.ForkedBooter.run(ForkedBooter.java:507)
	at org.apache.maven.surefire.booter.ForkedBooter.main(ForkedBooter.java:495)
2026-05-22T09:45:42.604 WARN  [main] o.s.test.context.TestContextManager - Caught exception while allowing TestExecutionListener [org.springframework.boot.test.mock.mockito.MockitoTestExecutionListener] to prepare test instance [br.com.frotasPro.api.auth.AuthIntegrationTest@796d33eb]
java.lang.IllegalStateException: ApplicationContext failure threshold (1) exceeded: skipping repeated attempt to load context for [WebMergedContextConfiguration@11787b64 testClass = br.com.frotasPro.api.auth.AuthIntegrationTest, locations = [], classes = [br.com.frotasPro.api.FrotaProApplication, br.com.frotasPro.api.auth.AuthIntegrationTest.TestSecurityConfig], contextInitializerClasses = [], activeProfiles = [], propertySourceDescriptors = [], propertySourceProperties = ["org.springframework.boot.test.autoconfigure.web.servlet.WebMvcTestContextBootstrapper=true"], contextCustomizers = [[ImportsContextCustomizer@5707f613 key = [org.springframework.boot.autoconfigure.security.oauth2.client.servlet.OAuth2ClientWebSecurityAutoConfiguration, br.com.frotasPro.api.auth.AuthIntegrationTest$TestSecurityConfig, org.springframework.boot.autoconfigure.task.TaskExecutionAutoConfiguration, org.springframework.boot.autoconfigure.cache.CacheAutoConfiguration, org.springframework.boot.autoconfigure.web.servlet.HttpEncodingAutoConfiguration, org.springframework.boot.autoconfigure.validation.ValidationAutoConfiguration, org.springframework.boot.autoconfigure.security.saml2.Saml2RelyingPartyAutoConfiguration, org.springframework.boot.autoconfigure.context.MessageSourceAutoConfiguration, org.springframework.boot.autoconfigure.hateoas.HypermediaAutoConfiguration, org.springframework.boot.autoconfigure.jackson.JacksonAutoConfiguration, org.springframework.boot.autoconfigure.data.web.SpringDataWebAutoConfiguration, org.springframework.boot.test.autoconfigure.web.reactive.WebTestClientAutoConfiguration, org.springframework.boot.autoconfigure.web.servlet.error.ErrorMvcAutoConfiguration, org.springframework.boot.test.autoconfigure.web.servlet.MockMvcAutoConfiguration, org.springframework.boot.autoconfigure.security.servlet.SecurityAutoConfiguration, org.springframework.boot.autoconfigure.security.servlet.SecurityFilterAutoConfiguration, org.springframework.boot.autoconfigure.http.HttpMessageConvertersAutoConfiguration, org.springframework.boot.autoconfigure.security.oauth2.client.OAuth2ClientAutoConfiguration, org.springframework.boot.test.autoconfigure.web.servlet.MockMvcSecurityConfiguration, org.springframework.boot.test.autoconfigure.web.servlet.MockMvcWebClientAutoConfiguration, org.springframework.boot.test.autoconfigure.web.servlet.MockMvcWebDriverAutoConfiguration, org.springframework.boot.autoconfigure.thymeleaf.ThymeleafAutoConfiguration, org.springframework.boot.autoconfigure.gson.GsonAutoConfiguration, org.springframework.boot.autoconfigure.jsonb.JsonbAutoConfiguration, org.springframework.boot.autoconfigure.freemarker.FreeMarkerAutoConfiguration, org.springframework.boot.autoconfigure.web.servlet.WebMvcAutoConfiguration, org.springframework.boot.autoconfigure.security.servlet.UserDetailsServiceAutoConfiguration, org.springframework.boot.autoconfigure.security.oauth2.resource.servlet.OAuth2ResourceServerAutoConfiguration, org.springframework.boot.autoconfigure.groovy.template.GroovyTemplateAutoConfiguration, org.springframework.boot.autoconfigure.mustache.MustacheAutoConfiguration]], org.springframework.boot.test.context.filter.ExcludeFilterContextCustomizer@53251a66, org.springframework.boot.test.json.DuplicateJsonObjectContextCustomizerFactory$DuplicateJsonObjectContextCustomizer@21129f1f, org.springframework.boot.test.mock.mockito.MockitoContextCustomizer@b6805248, org.springframework.boot.test.web.reactor.netty.DisableReactorResourceFactoryGlobalResourcesContextCustomizerFactory$DisableReactorResourceFactoryGlobalResourcesContextCustomizerCustomizer@1ab06251, org.springframework.boot.test.autoconfigure.OnFailureConditionReportContextCustomizerFactory$OnFailureConditionReportContextCustomizer@1115ec15, org.springframework.boot.test.autoconfigure.OverrideAutoConfigurationContextCustomizerFactory$DisableAutoConfigurationContextCustomizer@3af0a9da, org.springframework.boot.test.autoconfigure.actuate.observability.ObservabilityContextCustomizerFactory$DisableObservabilityContextCustomizer@1f, org.springframework.boot.test.autoconfigure.filter.TypeExcludeFiltersContextCustomizer@e938c13a, org.springframework.boot.test.autoconfigure.properties.PropertyMappingContextCustomizer@2e355ed2, org.springframework.boot.test.autoconfigure.web.servlet.WebDriverContextCustomizer@27216cd, org.springframework.test.context.support.DynamicPropertiesContextCustomizer@0, org.springframework.boot.test.context.SpringBootTestAnnotation@4a1467b2], resourceBasePath = "src/main/webapp", contextLoader = org.springframework.boot.test.context.SpringBootContextLoader, parent = null]
	at org.springframework.test.context.cache.DefaultCacheAwareContextLoaderDelegate.loadContext(DefaultCacheAwareContextLoaderDelegate.java:145)
	at org.springframework.test.context.support.DefaultTestContext.getApplicationContext(DefaultTestContext.java:130)
	at org.springframework.boot.test.mock.mockito.MockitoTestExecutionListener.postProcessFields(MockitoTestExecutionListener.java:128)
	at org.springframework.boot.test.mock.mockito.MockitoTestExecutionListener.injectFields(MockitoTestExecutionListener.java:112)
	at org.springframework.boot.test.mock.mockito.MockitoTestExecutionListener.prepareTestInstance(MockitoTestExecutionListener.java:69)
	at org.springframework.test.context.TestContextManager.prepareTestInstance(TestContextManager.java:260)
	at org.springframework.test.context.junit.jupiter.SpringExtension.postProcessTestInstance(SpringExtension.java:159)
	at org.junit.jupiter.engine.descriptor.ClassBasedTestDescriptor.lambda$invokeTestInstancePostProcessors$10(ClassBasedTestDescriptor.java:383)
	at org.junit.jupiter.engine.descriptor.ClassBasedTestDescriptor.executeAndMaskThrowable(ClassBasedTestDescriptor.java:388)
	at org.junit.jupiter.engine.descriptor.ClassBasedTestDescriptor.lambda$invokeTestInstancePostProcessors$11(ClassBasedTestDescriptor.java:382)
	at java.base/java.util.stream.ForEachOps$ForEachOp$OfRef.accept(ForEachOps.java:184)
	at java.base/java.util.stream.ReferencePipeline$3$1.accept(ReferencePipeline.java:197)
	at java.base/java.util.stream.ReferencePipeline$2$1.accept(ReferencePipeline.java:179)
	at java.base/java.util.stream.ReferencePipeline$3$1.accept(ReferencePipeline.java:197)
	at java.base/java.util.ArrayList$ArrayListSpliterator.forEachRemaining(ArrayList.java:1708)
	at java.base/java.util.stream.AbstractPipeline.copyInto(AbstractPipeline.java:509)
	at java.base/java.util.stream.AbstractPipeline.wrapAndCopyInto(AbstractPipeline.java:499)
	at java.base/java.util.stream.ForEachOps$ForEachOp.evaluateSequential(ForEachOps.java:151)
	at java.base/java.util.stream.ForEachOps$ForEachOp$OfRef.evaluateSequential(ForEachOps.java:174)
	at java.base/java.util.stream.AbstractPipeline.evaluate(AbstractPipeline.java:234)
	at java.base/java.util.stream.ReferencePipeline.forEach(ReferencePipeline.java:596)
	at org.junit.jupiter.engine.descriptor.ClassBasedTestDescriptor.invokeTestInstancePostProcessors(ClassBasedTestDescriptor.java:382)
	at org.junit.jupiter.engine.descriptor.ClassBasedTestDescriptor.lambda$instantiateAndPostProcessTestInstance$6(ClassBasedTestDescriptor.java:293)
	at org.junit.platform.engine.support.hierarchical.ThrowableCollector.execute(ThrowableCollector.java:73)
	at org.junit.jupiter.engine.descriptor.ClassBasedTestDescriptor.instantiateAndPostProcessTestInstance(ClassBasedTestDescriptor.java:292)
	at org.junit.jupiter.engine.descriptor.ClassBasedTestDescriptor.lambda$testInstancesProvider$4(ClassBasedTestDescriptor.java:281)
	at java.base/java.util.Optional.orElseGet(Optional.java:364)
	at org.junit.jupiter.engine.descriptor.ClassBasedTestDescriptor.lambda$testInstancesProvider$5(ClassBasedTestDescriptor.java:280)
	at org.junit.jupiter.engine.execution.TestInstancesProvider.getTestInstances(TestInstancesProvider.java:27)
	at org.junit.jupiter.engine.descriptor.TestMethodTestDescriptor.lambda$prepare$0(TestMethodTestDescriptor.java:112)
	at org.junit.platform.engine.support.hierarchical.ThrowableCollector.execute(ThrowableCollector.java:73)
	at org.junit.jupiter.engine.descriptor.TestMethodTestDescriptor.prepare(TestMethodTestDescriptor.java:111)
	at org.junit.jupiter.engine.descriptor.TestMethodTestDescriptor.prepare(TestMethodTestDescriptor.java:69)
	at org.junit.platform.engine.support.hierarchical.NodeTestTask.lambda$prepare$2(NodeTestTask.java:128)
	at org.junit.platform.engine.support.hierarchical.ThrowableCollector.execute(ThrowableCollector.java:73)
	at org.junit.platform.engine.support.hierarchical.NodeTestTask.prepare(NodeTestTask.java:128)
	at org.junit.platform.engine.support.hierarchical.NodeTestTask.execute(NodeTestTask.java:95)
	at java.base/java.util.ArrayList.forEach(ArrayList.java:1596)
	at org.junit.platform.engine.support.hierarchical.SameThreadHierarchicalTestExecutorService.invokeAll(SameThreadHierarchicalTestExecutorService.java:41)
	at org.junit.platform.engine.support.hierarchical.NodeTestTask.lambda$executeRecursively$6(NodeTestTask.java:160)
	at org.junit.platform.engine.support.hierarchical.ThrowableCollector.execute(ThrowableCollector.java:73)
	at org.junit.platform.engine.support.hierarchical.NodeTestTask.lambda$executeRecursively$8(NodeTestTask.java:146)
	at org.junit.platform.engine.support.hierarchical.Node.around(Node.java:137)
	at org.junit.platform.engine.support.hierarchical.NodeTestTask.lambda$executeRecursively$9(NodeTestTask.java:144)
	at org.junit.platform.engine.support.hierarchical.ThrowableCollector.execute(ThrowableCollector.java:73)
	at org.junit.platform.engine.support.hierarchical.NodeTestTask.executeRecursively(NodeTestTask.java:143)
	at org.junit.platform.engine.support.hierarchical.NodeTestTask.execute(NodeTestTask.java:100)
	at java.base/java.util.ArrayList.forEach(ArrayList.java:1596)
	at org.junit.platform.engine.support.hierarchical.SameThreadHierarchicalTestExecutorService.invokeAll(SameThreadHierarchicalTestExecutorService.java:41)
	at org.junit.platform.engine.support.hierarchical.NodeTestTask.lambda$executeRecursively$6(NodeTestTask.java:160)
	at org.junit.platform.engine.support.hierarchical.ThrowableCollector.execute(ThrowableCollector.java:73)
	at org.junit.platform.engine.support.hierarchical.NodeTestTask.lambda$executeRecursively$8(NodeTestTask.java:146)
	at org.junit.platform.engine.support.hierarchical.Node.around(Node.java:137)
	at org.junit.platform.engine.support.hierarchical.NodeTestTask.lambda$executeRecursively$9(NodeTestTask.java:144)
	at org.junit.platform.engine.support.hierarchical.ThrowableCollector.execute(ThrowableCollector.java:73)
	at org.junit.platform.engine.support.hierarchical.NodeTestTask.executeRecursively(NodeTestTask.java:143)
	at org.junit.platform.engine.support.hierarchical.NodeTestTask.execute(NodeTestTask.java:100)
	at org.junit.platform.engine.support.hierarchical.SameThreadHierarchicalTestExecutorService.submit(SameThreadHierarchicalTestExecutorService.java:35)
	at org.junit.platform.engine.support.hierarchical.HierarchicalTestExecutor.execute(HierarchicalTestExecutor.java:57)
	at org.junit.platform.engine.support.hierarchical.HierarchicalTestEngine.execute(HierarchicalTestEngine.java:54)
	at org.junit.platform.launcher.core.EngineExecutionOrchestrator.execute(EngineExecutionOrchestrator.java:201)
	at org.junit.platform.launcher.core.EngineExecutionOrchestrator.execute(EngineExecutionOrchestrator.java:170)
	at org.junit.platform.launcher.core.EngineExecutionOrchestrator.execute(EngineExecutionOrchestrator.java:94)
	at org.junit.platform.launcher.core.EngineExecutionOrchestrator.lambda$execute$0(EngineExecutionOrchestrator.java:59)
	at org.junit.platform.launcher.core.EngineExecutionOrchestrator.withInterceptedStreams(EngineExecutionOrchestrator.java:142)
	at org.junit.platform.launcher.core.EngineExecutionOrchestrator.execute(EngineExecutionOrchestrator.java:58)
	at org.junit.platform.launcher.core.DefaultLauncher.execute(DefaultLauncher.java:103)
	at org.junit.platform.launcher.core.DefaultLauncher.execute(DefaultLauncher.java:85)
	at org.junit.platform.launcher.core.DelegatingLauncher.execute(DelegatingLauncher.java:47)
	at org.junit.platform.launcher.core.InterceptingLauncher.lambda$execute$1(InterceptingLauncher.java:39)
	at org.junit.platform.launcher.core.ClasspathAlignmentCheckingLauncherInterceptor.intercept(ClasspathAlignmentCheckingLauncherInterceptor.java:25)
	at org.junit.platform.launcher.core.InterceptingLauncher.execute(InterceptingLauncher.java:38)
	at org.junit.platform.launcher.core.DelegatingLauncher.execute(DelegatingLauncher.java:47)
	at org.apache.maven.surefire.junitplatform.LauncherAdapter.executeWithoutCancellationToken(LauncherAdapter.java:60)
	at org.apache.maven.surefire.junitplatform.LauncherAdapter.execute(LauncherAdapter.java:52)
	at org.apache.maven.surefire.junitplatform.JUnitPlatformProvider.execute(JUnitPlatformProvider.java:203)
	at org.apache.maven.surefire.junitplatform.JUnitPlatformProvider.invokeAllTests(JUnitPlatformProvider.java:168)
	at org.apache.maven.surefire.junitplatform.JUnitPlatformProvider.invoke(JUnitPlatformProvider.java:136)
	at org.apache.maven.surefire.booter.ForkedBooter.runSuitesInProcess(ForkedBooter.java:385)
	at org.apache.maven.surefire.booter.ForkedBooter.execute(ForkedBooter.java:162)
	at org.apache.maven.surefire.booter.ForkedBooter.run(ForkedBooter.java:507)
	at org.apache.maven.surefire.booter.ForkedBooter.main(ForkedBooter.java:495)
2026-05-22T09:45:42.610 WARN  [main] o.s.test.context.TestContextManager - Caught exception while allowing TestExecutionListener [org.springframework.boot.test.mock.mockito.MockitoTestExecutionListener] to prepare test instance [br.com.frotasPro.api.auth.AuthIntegrationTest@21ea996f]
java.lang.IllegalStateException: ApplicationContext failure threshold (1) exceeded: skipping repeated attempt to load context for [WebMergedContextConfiguration@11787b64 testClass = br.com.frotasPro.api.auth.AuthIntegrationTest, locations = [], classes = [br.com.frotasPro.api.FrotaProApplication, br.com.frotasPro.api.auth.AuthIntegrationTest.TestSecurityConfig], contextInitializerClasses = [], activeProfiles = [], propertySourceDescriptors = [], propertySourceProperties = ["org.springframework.boot.test.autoconfigure.web.servlet.WebMvcTestContextBootstrapper=true"], contextCustomizers = [[ImportsContextCustomizer@5707f613 key = [org.springframework.boot.autoconfigure.security.oauth2.client.servlet.OAuth2ClientWebSecurityAutoConfiguration, br.com.frotasPro.api.auth.AuthIntegrationTest$TestSecurityConfig, org.springframework.boot.autoconfigure.task.TaskExecutionAutoConfiguration, org.springframework.boot.autoconfigure.cache.CacheAutoConfiguration, org.springframework.boot.autoconfigure.web.servlet.HttpEncodingAutoConfiguration, org.springframework.boot.autoconfigure.validation.ValidationAutoConfiguration, org.springframework.boot.autoconfigure.security.saml2.Saml2RelyingPartyAutoConfiguration, org.springframework.boot.autoconfigure.context.MessageSourceAutoConfiguration, org.springframework.boot.autoconfigure.hateoas.HypermediaAutoConfiguration, org.springframework.boot.autoconfigure.jackson.JacksonAutoConfiguration, org.springframework.boot.autoconfigure.data.web.SpringDataWebAutoConfiguration, org.springframework.boot.test.autoconfigure.web.reactive.WebTestClientAutoConfiguration, org.springframework.boot.autoconfigure.web.servlet.error.ErrorMvcAutoConfiguration, org.springframework.boot.test.autoconfigure.web.servlet.MockMvcAutoConfiguration, org.springframework.boot.autoconfigure.security.servlet.SecurityAutoConfiguration, org.springframework.boot.autoconfigure.security.servlet.SecurityFilterAutoConfiguration, org.springframework.boot.autoconfigure.http.HttpMessageConvertersAutoConfiguration, org.springframework.boot.autoconfigure.security.oauth2.client.OAuth2ClientAutoConfiguration, org.springframework.boot.test.autoconfigure.web.servlet.MockMvcSecurityConfiguration, org.springframework.boot.test.autoconfigure.web.servlet.MockMvcWebClientAutoConfiguration, org.springframework.boot.test.autoconfigure.web.servlet.MockMvcWebDriverAutoConfiguration, org.springframework.boot.autoconfigure.thymeleaf.ThymeleafAutoConfiguration, org.springframework.boot.autoconfigure.gson.GsonAutoConfiguration, org.springframework.boot.autoconfigure.jsonb.JsonbAutoConfiguration, org.springframework.boot.autoconfigure.freemarker.FreeMarkerAutoConfiguration, org.springframework.boot.autoconfigure.web.servlet.WebMvcAutoConfiguration, org.springframework.boot.autoconfigure.security.servlet.UserDetailsServiceAutoConfiguration, org.springframework.boot.autoconfigure.security.oauth2.resource.servlet.OAuth2ResourceServerAutoConfiguration, org.springframework.boot.autoconfigure.groovy.template.GroovyTemplateAutoConfiguration, org.springframework.boot.autoconfigure.mustache.MustacheAutoConfiguration]], org.springframework.boot.test.context.filter.ExcludeFilterContextCustomizer@53251a66, org.springframework.boot.test.json.DuplicateJsonObjectContextCustomizerFactory$DuplicateJsonObjectContextCustomizer@21129f1f, org.springframework.boot.test.mock.mockito.MockitoContextCustomizer@b6805248, org.springframework.boot.test.web.reactor.netty.DisableReactorResourceFactoryGlobalResourcesContextCustomizerFactory$DisableReactorResourceFactoryGlobalResourcesContextCustomizerCustomizer@1ab06251, org.springframework.boot.test.autoconfigure.OnFailureConditionReportContextCustomizerFactory$OnFailureConditionReportContextCustomizer@1115ec15, org.springframework.boot.test.autoconfigure.OverrideAutoConfigurationContextCustomizerFactory$DisableAutoConfigurationContextCustomizer@3af0a9da, org.springframework.boot.test.autoconfigure.actuate.observability.ObservabilityContextCustomizerFactory$DisableObservabilityContextCustomizer@1f, org.springframework.boot.test.autoconfigure.filter.TypeExcludeFiltersContextCustomizer@e938c13a, org.springframework.boot.test.autoconfigure.properties.PropertyMappingContextCustomizer@2e355ed2, org.springframework.boot.test.autoconfigure.web.servlet.WebDriverContextCustomizer@27216cd, org.springframework.test.context.support.DynamicPropertiesContextCustomizer@0, org.springframework.boot.test.context.SpringBootTestAnnotation@4a1467b2], resourceBasePath = "src/main/webapp", contextLoader = org.springframework.boot.test.context.SpringBootContextLoader, parent = null]
	at org.springframework.test.context.cache.DefaultCacheAwareContextLoaderDelegate.loadContext(DefaultCacheAwareContextLoaderDelegate.java:145)
	at org.springframework.test.context.support.DefaultTestContext.getApplicationContext(DefaultTestContext.java:130)
	at org.springframework.boot.test.mock.mockito.MockitoTestExecutionListener.postProcessFields(MockitoTestExecutionListener.java:128)
	at org.springframework.boot.test.mock.mockito.MockitoTestExecutionListener.injectFields(MockitoTestExecutionListener.java:112)
	at org.springframework.boot.test.mock.mockito.MockitoTestExecutionListener.prepareTestInstance(MockitoTestExecutionListener.java:69)
	at org.springframework.test.context.TestContextManager.prepareTestInstance(TestContextManager.java:260)
	at org.springframework.test.context.junit.jupiter.SpringExtension.postProcessTestInstance(SpringExtension.java:159)
	at org.junit.jupiter.engine.descriptor.ClassBasedTestDescriptor.lambda$invokeTestInstancePostProcessors$10(ClassBasedTestDescriptor.java:383)
	at org.junit.jupiter.engine.descriptor.ClassBasedTestDescriptor.executeAndMaskThrowable(ClassBasedTestDescriptor.java:388)
	at org.junit.jupiter.engine.descriptor.ClassBasedTestDescriptor.lambda$invokeTestInstancePostProcessors$11(ClassBasedTestDescriptor.java:382)
	at java.base/java.util.stream.ForEachOps$ForEachOp$OfRef.accept(ForEachOps.java:184)
	at java.base/java.util.stream.ReferencePipeline$3$1.accept(ReferencePipeline.java:197)
	at java.base/java.util.stream.ReferencePipeline$2$1.accept(ReferencePipeline.java:179)
	at java.base/java.util.stream.ReferencePipeline$3$1.accept(ReferencePipeline.java:197)
	at java.base/java.util.ArrayList$ArrayListSpliterator.forEachRemaining(ArrayList.java:1708)
	at java.base/java.util.stream.AbstractPipeline.copyInto(AbstractPipeline.java:509)
	at java.base/java.util.stream.AbstractPipeline.wrapAndCopyInto(AbstractPipeline.java:499)
	at java.base/java.util.stream.ForEachOps$ForEachOp.evaluateSequential(ForEachOps.java:151)
	at java.base/java.util.stream.ForEachOps$ForEachOp$OfRef.evaluateSequential(ForEachOps.java:174)
	at java.base/java.util.stream.AbstractPipeline.evaluate(AbstractPipeline.java:234)
	at java.base/java.util.stream.ReferencePipeline.forEach(ReferencePipeline.java:596)
	at org.junit.jupiter.engine.descriptor.ClassBasedTestDescriptor.invokeTestInstancePostProcessors(ClassBasedTestDescriptor.java:382)
	at org.junit.jupiter.engine.descriptor.ClassBasedTestDescriptor.lambda$instantiateAndPostProcessTestInstance$6(ClassBasedTestDescriptor.java:293)
	at org.junit.platform.engine.support.hierarchical.ThrowableCollector.execute(ThrowableCollector.java:73)
	at org.junit.jupiter.engine.descriptor.ClassBasedTestDescriptor.instantiateAndPostProcessTestInstance(ClassBasedTestDescriptor.java:292)
	at org.junit.jupiter.engine.descriptor.ClassBasedTestDescriptor.lambda$testInstancesProvider$4(ClassBasedTestDescriptor.java:281)
	at java.base/java.util.Optional.orElseGet(Optional.java:364)
	at org.junit.jupiter.engine.descriptor.ClassBasedTestDescriptor.lambda$testInstancesProvider$5(ClassBasedTestDescriptor.java:280)
	at org.junit.jupiter.engine.execution.TestInstancesProvider.getTestInstances(TestInstancesProvider.java:27)
	at org.junit.jupiter.engine.descriptor.TestMethodTestDescriptor.lambda$prepare$0(TestMethodTestDescriptor.java:112)
	at org.junit.platform.engine.support.hierarchical.ThrowableCollector.execute(ThrowableCollector.java:73)
	at org.junit.jupiter.engine.descriptor.TestMethodTestDescriptor.prepare(TestMethodTestDescriptor.java:111)
	at org.junit.jupiter.engine.descriptor.TestMethodTestDescriptor.prepare(TestMethodTestDescriptor.java:69)
	at org.junit.platform.engine.support.hierarchical.NodeTestTask.lambda$prepare$2(NodeTestTask.java:128)
	at org.junit.platform.engine.support.hierarchical.ThrowableCollector.execute(ThrowableCollector.java:73)
	at org.junit.platform.engine.support.hierarchical.NodeTestTask.prepare(NodeTestTask.java:128)
	at org.junit.platform.engine.support.hierarchical.NodeTestTask.execute(NodeTestTask.java:95)
	at java.base/java.util.ArrayList.forEach(ArrayList.java:1596)
	at org.junit.platform.engine.support.hierarchical.SameThreadHierarchicalTestExecutorService.invokeAll(SameThreadHierarchicalTestExecutorService.java:41)
	at org.junit.platform.engine.support.hierarchical.NodeTestTask.lambda$executeRecursively$6(NodeTestTask.java:160)
	at org.junit.platform.engine.support.hierarchical.ThrowableCollector.execute(ThrowableCollector.java:73)
	at org.junit.platform.engine.support.hierarchical.NodeTestTask.lambda$executeRecursively$8(NodeTestTask.java:146)
	at org.junit.platform.engine.support.hierarchical.Node.around(Node.java:137)
	at org.junit.platform.engine.support.hierarchical.NodeTestTask.lambda$executeRecursively$9(NodeTestTask.java:144)
	at org.junit.platform.engine.support.hierarchical.ThrowableCollector.execute(ThrowableCollector.java:73)
	at org.junit.platform.engine.support.hierarchical.NodeTestTask.executeRecursively(NodeTestTask.java:143)
	at org.junit.platform.engine.support.hierarchical.NodeTestTask.execute(NodeTestTask.java:100)
	at java.base/java.util.ArrayList.forEach(ArrayList.java:1596)
	at org.junit.platform.engine.support.hierarchical.SameThreadHierarchicalTestExecutorService.invokeAll(SameThreadHierarchicalTestExecutorService.java:41)
	at org.junit.platform.engine.support.hierarchical.NodeTestTask.lambda$executeRecursively$6(NodeTestTask.java:160)
	at org.junit.platform.engine.support.hierarchical.ThrowableCollector.execute(ThrowableCollector.java:73)
	at org.junit.platform.engine.support.hierarchical.NodeTestTask.lambda$executeRecursively$8(NodeTestTask.java:146)
	at org.junit.platform.engine.support.hierarchical.Node.around(Node.java:137)
	at org.junit.platform.engine.support.hierarchical.NodeTestTask.lambda$executeRecursively$9(NodeTestTask.java:144)
	at org.junit.platform.engine.support.hierarchical.ThrowableCollector.execute(ThrowableCollector.java:73)
	at org.junit.platform.engine.support.hierarchical.NodeTestTask.executeRecursively(NodeTestTask.java:143)
	at org.junit.platform.engine.support.hierarchical.NodeTestTask.execute(NodeTestTask.java:100)
	at org.junit.platform.engine.support.hierarchical.SameThreadHierarchicalTestExecutorService.submit(SameThreadHierarchicalTestExecutorService.java:35)
	at org.junit.platform.engine.support.hierarchical.HierarchicalTestExecutor.execute(HierarchicalTestExecutor.java:57)
	at org.junit.platform.engine.support.hierarchical.HierarchicalTestEngine.execute(HierarchicalTestEngine.java:54)
	at org.junit.platform.launcher.core.EngineExecutionOrchestrator.execute(EngineExecutionOrchestrator.java:201)
	at org.junit.platform.launcher.core.EngineExecutionOrchestrator.execute(EngineExecutionOrchestrator.java:170)
	at org.junit.platform.launcher.core.EngineExecutionOrchestrator.execute(EngineExecutionOrchestrator.java:94)
	at org.junit.platform.launcher.core.EngineExecutionOrchestrator.lambda$execute$0(EngineExecutionOrchestrator.java:59)
	at org.junit.platform.launcher.core.EngineExecutionOrchestrator.withInterceptedStreams(EngineExecutionOrchestrator.java:142)
	at org.junit.platform.launcher.core.EngineExecutionOrchestrator.execute(EngineExecutionOrchestrator.java:58)
	at org.junit.platform.launcher.core.DefaultLauncher.execute(DefaultLauncher.java:103)
	at org.junit.platform.launcher.core.DefaultLauncher.execute(DefaultLauncher.java:85)
	at org.junit.platform.launcher.core.DelegatingLauncher.execute(DelegatingLauncher.java:47)
	at org.junit.platform.launcher.core.InterceptingLauncher.lambda$execute$1(InterceptingLauncher.java:39)
	at org.junit.platform.launcher.core.ClasspathAlignmentCheckingLauncherInterceptor.intercept(ClasspathAlignmentCheckingLauncherInterceptor.java:25)
	at org.junit.platform.launcher.core.InterceptingLauncher.execute(InterceptingLauncher.java:38)
	at org.junit.platform.launcher.core.DelegatingLauncher.execute(DelegatingLauncher.java:47)
	at org.apache.maven.surefire.junitplatform.LauncherAdapter.executeWithoutCancellationToken(LauncherAdapter.java:60)
	at org.apache.maven.surefire.junitplatform.LauncherAdapter.execute(LauncherAdapter.java:52)
	at org.apache.maven.surefire.junitplatform.JUnitPlatformProvider.execute(JUnitPlatformProvider.java:203)
	at org.apache.maven.surefire.junitplatform.JUnitPlatformProvider.invokeAllTests(JUnitPlatformProvider.java:168)
	at org.apache.maven.surefire.junitplatform.JUnitPlatformProvider.invoke(JUnitPlatformProvider.java:136)
	at org.apache.maven.surefire.booter.ForkedBooter.runSuitesInProcess(ForkedBooter.java:385)
	at org.apache.maven.surefire.booter.ForkedBooter.execute(ForkedBooter.java:162)
	at org.apache.maven.surefire.booter.ForkedBooter.run(ForkedBooter.java:507)
	at org.apache.maven.surefire.booter.ForkedBooter.main(ForkedBooter.java:495)
2026-05-22T09:45:42.616 WARN  [main] o.s.test.context.TestContextManager - Caught exception while allowing TestExecutionListener [org.springframework.boot.test.mock.mockito.MockitoTestExecutionListener] to prepare test instance [br.com.frotasPro.api.auth.AuthIntegrationTest@2f79f192]
java.lang.IllegalStateException: ApplicationContext failure threshold (1) exceeded: skipping repeated attempt to load context for [WebMergedContextConfiguration@11787b64 testClass = br.com.frotasPro.api.auth.AuthIntegrationTest, locations = [], classes = [br.com.frotasPro.api.FrotaProApplication, br.com.frotasPro.api.auth.AuthIntegrationTest.TestSecurityConfig], contextInitializerClasses = [], activeProfiles = [], propertySourceDescriptors = [], propertySourceProperties = ["org.springframework.boot.test.autoconfigure.web.servlet.WebMvcTestContextBootstrapper=true"], contextCustomizers = [[ImportsContextCustomizer@5707f613 key = [org.springframework.boot.autoconfigure.security.oauth2.client.servlet.OAuth2ClientWebSecurityAutoConfiguration, br.com.frotasPro.api.auth.AuthIntegrationTest$TestSecurityConfig, org.springframework.boot.autoconfigure.task.TaskExecutionAutoConfiguration, org.springframework.boot.autoconfigure.cache.CacheAutoConfiguration, org.springframework.boot.autoconfigure.web.servlet.HttpEncodingAutoConfiguration, org.springframework.boot.autoconfigure.validation.ValidationAutoConfiguration, org.springframework.boot.autoconfigure.security.saml2.Saml2RelyingPartyAutoConfiguration, org.springframework.boot.autoconfigure.context.MessageSourceAutoConfiguration, org.springframework.boot.autoconfigure.hateoas.HypermediaAutoConfiguration, org.springframework.boot.autoconfigure.jackson.JacksonAutoConfiguration, org.springframework.boot.autoconfigure.data.web.SpringDataWebAutoConfiguration, org.springframework.boot.test.autoconfigure.web.reactive.WebTestClientAutoConfiguration, org.springframework.boot.autoconfigure.web.servlet.error.ErrorMvcAutoConfiguration, org.springframework.boot.test.autoconfigure.web.servlet.MockMvcAutoConfiguration, org.springframework.boot.autoconfigure.security.servlet.SecurityAutoConfiguration, org.springframework.boot.autoconfigure.security.servlet.SecurityFilterAutoConfiguration, org.springframework.boot.autoconfigure.http.HttpMessageConvertersAutoConfiguration, org.springframework.boot.autoconfigure.security.oauth2.client.OAuth2ClientAutoConfiguration, org.springframework.boot.test.autoconfigure.web.servlet.MockMvcSecurityConfiguration, org.springframework.boot.test.autoconfigure.web.servlet.MockMvcWebClientAutoConfiguration, org.springframework.boot.test.autoconfigure.web.servlet.MockMvcWebDriverAutoConfiguration, org.springframework.boot.autoconfigure.thymeleaf.ThymeleafAutoConfiguration, org.springframework.boot.autoconfigure.gson.GsonAutoConfiguration, org.springframework.boot.autoconfigure.jsonb.JsonbAutoConfiguration, org.springframework.boot.autoconfigure.freemarker.FreeMarkerAutoConfiguration, org.springframework.boot.autoconfigure.web.servlet.WebMvcAutoConfiguration, org.springframework.boot.autoconfigure.security.servlet.UserDetailsServiceAutoConfiguration, org.springframework.boot.autoconfigure.security.oauth2.resource.servlet.OAuth2ResourceServerAutoConfiguration, org.springframework.boot.autoconfigure.groovy.template.GroovyTemplateAutoConfiguration, org.springframework.boot.autoconfigure.mustache.MustacheAutoConfiguration]], org.springframework.boot.test.context.filter.ExcludeFilterContextCustomizer@53251a66, org.springframework.boot.test.json.DuplicateJsonObjectContextCustomizerFactory$DuplicateJsonObjectContextCustomizer@21129f1f, org.springframework.boot.test.mock.mockito.MockitoContextCustomizer@b6805248, org.springframework.boot.test.web.reactor.netty.DisableReactorResourceFactoryGlobalResourcesContextCustomizerFactory$DisableReactorResourceFactoryGlobalResourcesContextCustomizerCustomizer@1ab06251, org.springframework.boot.test.autoconfigure.OnFailureConditionReportContextCustomizerFactory$OnFailureConditionReportContextCustomizer@1115ec15, org.springframework.boot.test.autoconfigure.OverrideAutoConfigurationContextCustomizerFactory$DisableAutoConfigurationContextCustomizer@3af0a9da, org.springframework.boot.test.autoconfigure.actuate.observability.ObservabilityContextCustomizerFactory$DisableObservabilityContextCustomizer@1f, org.springframework.boot.test.autoconfigure.filter.TypeExcludeFiltersContextCustomizer@e938c13a, org.springframework.boot.test.autoconfigure.properties.PropertyMappingContextCustomizer@2e355ed2, org.springframework.boot.test.autoconfigure.web.servlet.WebDriverContextCustomizer@27216cd, org.springframework.test.context.support.DynamicPropertiesContextCustomizer@0, org.springframework.boot.test.context.SpringBootTestAnnotation@4a1467b2], resourceBasePath = "src/main/webapp", contextLoader = org.springframework.boot.test.context.SpringBootContextLoader, parent = null]
	at org.springframework.test.context.cache.DefaultCacheAwareContextLoaderDelegate.loadContext(DefaultCacheAwareContextLoaderDelegate.java:145)
	at org.springframework.test.context.support.DefaultTestContext.getApplicationContext(DefaultTestContext.java:130)
	at org.springframework.boot.test.mock.mockito.MockitoTestExecutionListener.postProcessFields(MockitoTestExecutionListener.java:128)
	at org.springframework.boot.test.mock.mockito.MockitoTestExecutionListener.injectFields(MockitoTestExecutionListener.java:112)
	at org.springframework.boot.test.mock.mockito.MockitoTestExecutionListener.prepareTestInstance(MockitoTestExecutionListener.java:69)
	at org.springframework.test.context.TestContextManager.prepareTestInstance(TestContextManager.java:260)
	at org.springframework.test.context.junit.jupiter.SpringExtension.postProcessTestInstance(SpringExtension.java:159)
	at org.junit.jupiter.engine.descriptor.ClassBasedTestDescriptor.lambda$invokeTestInstancePostProcessors$10(ClassBasedTestDescriptor.java:383)
	at org.junit.jupiter.engine.descriptor.ClassBasedTestDescriptor.executeAndMaskThrowable(ClassBasedTestDescriptor.java:388)
	at org.junit.jupiter.engine.descriptor.ClassBasedTestDescriptor.lambda$invokeTestInstancePostProcessors$11(ClassBasedTestDescriptor.java:382)
	at java.base/java.util.stream.ForEachOps$ForEachOp$OfRef.accept(ForEachOps.java:184)
	at java.base/java.util.stream.ReferencePipeline$3$1.accept(ReferencePipeline.java:197)
	at java.base/java.util.stream.ReferencePipeline$2$1.accept(ReferencePipeline.java:179)
	at java.base/java.util.stream.ReferencePipeline$3$1.accept(ReferencePipeline.java:197)
	at java.base/java.util.ArrayList$ArrayListSpliterator.forEachRemaining(ArrayList.java:1708)
	at java.base/java.util.stream.AbstractPipeline.copyInto(AbstractPipeline.java:509)
	at java.base/java.util.stream.AbstractPipeline.wrapAndCopyInto(AbstractPipeline.java:499)
	at java.base/java.util.stream.ForEachOps$ForEachOp.evaluateSequential(ForEachOps.java:151)
	at java.base/java.util.stream.ForEachOps$ForEachOp$OfRef.evaluateSequential(ForEachOps.java:174)
	at java.base/java.util.stream.AbstractPipeline.evaluate(AbstractPipeline.java:234)
	at java.base/java.util.stream.ReferencePipeline.forEach(ReferencePipeline.java:596)
	at org.junit.jupiter.engine.descriptor.ClassBasedTestDescriptor.invokeTestInstancePostProcessors(ClassBasedTestDescriptor.java:382)
	at org.junit.jupiter.engine.descriptor.ClassBasedTestDescriptor.lambda$instantiateAndPostProcessTestInstance$6(ClassBasedTestDescriptor.java:293)
	at org.junit.platform.engine.support.hierarchical.ThrowableCollector.execute(ThrowableCollector.java:73)
	at org.junit.jupiter.engine.descriptor.ClassBasedTestDescriptor.instantiateAndPostProcessTestInstance(ClassBasedTestDescriptor.java:292)
	at org.junit.jupiter.engine.descriptor.ClassBasedTestDescriptor.lambda$testInstancesProvider$4(ClassBasedTestDescriptor.java:281)
	at java.base/java.util.Optional.orElseGet(Optional.java:364)
	at org.junit.jupiter.engine.descriptor.ClassBasedTestDescriptor.lambda$testInstancesProvider$5(ClassBasedTestDescriptor.java:280)
	at org.junit.jupiter.engine.execution.TestInstancesProvider.getTestInstances(TestInstancesProvider.java:27)
	at org.junit.jupiter.engine.descriptor.TestMethodTestDescriptor.lambda$prepare$0(TestMethodTestDescriptor.java:112)
	at org.junit.platform.engine.support.hierarchical.ThrowableCollector.execute(ThrowableCollector.java:73)
	at org.junit.jupiter.engine.descriptor.TestMethodTestDescriptor.prepare(TestMethodTestDescriptor.java:111)
	at org.junit.jupiter.engine.descriptor.TestMethodTestDescriptor.prepare(TestMethodTestDescriptor.java:69)
	at org.junit.platform.engine.support.hierarchical.NodeTestTask.lambda$prepare$2(NodeTestTask.java:128)
	at org.junit.platform.engine.support.hierarchical.ThrowableCollector.execute(ThrowableCollector.java:73)
	at org.junit.platform.engine.support.hierarchical.NodeTestTask.prepare(NodeTestTask.java:128)
	at org.junit.platform.engine.support.hierarchical.NodeTestTask.execute(NodeTestTask.java:95)
	at java.base/java.util.ArrayList.forEach(ArrayList.java:1596)
	at org.junit.platform.engine.support.hierarchical.SameThreadHierarchicalTestExecutorService.invokeAll(SameThreadHierarchicalTestExecutorService.java:41)
	at org.junit.platform.engine.support.hierarchical.NodeTestTask.lambda$executeRecursively$6(NodeTestTask.java:160)
	at org.junit.platform.engine.support.hierarchical.ThrowableCollector.execute(ThrowableCollector.java:73)
	at org.junit.platform.engine.support.hierarchical.NodeTestTask.lambda$executeRecursively$8(NodeTestTask.java:146)
	at org.junit.platform.engine.support.hierarchical.Node.around(Node.java:137)
	at org.junit.platform.engine.support.hierarchical.NodeTestTask.lambda$executeRecursively$9(NodeTestTask.java:144)
	at org.junit.platform.engine.support.hierarchical.ThrowableCollector.execute(ThrowableCollector.java:73)
	at org.junit.platform.engine.support.hierarchical.NodeTestTask.executeRecursively(NodeTestTask.java:143)
	at org.junit.platform.engine.support.hierarchical.NodeTestTask.execute(NodeTestTask.java:100)
	at java.base/java.util.ArrayList.forEach(ArrayList.java:1596)
	at org.junit.platform.engine.support.hierarchical.SameThreadHierarchicalTestExecutorService.invokeAll(SameThreadHierarchicalTestExecutorService.java:41)
	at org.junit.platform.engine.support.hierarchical.NodeTestTask.lambda$executeRecursively$6(NodeTestTask.java:160)
	at org.junit.platform.engine.support.hierarchical.ThrowableCollector.execute(ThrowableCollector.java:73)
	at org.junit.platform.engine.support.hierarchical.NodeTestTask.lambda$executeRecursively$8(NodeTestTask.java:146)
	at org.junit.platform.engine.support.hierarchical.Node.around(Node.java:137)
	at org.junit.platform.engine.support.hierarchical.NodeTestTask.lambda$executeRecursively$9(NodeTestTask.java:144)
	at org.junit.platform.engine.support.hierarchical.ThrowableCollector.execute(ThrowableCollector.java:73)
	at org.junit.platform.engine.support.hierarchical.NodeTestTask.executeRecursively(NodeTestTask.java:143)
	at org.junit.platform.engine.support.hierarchical.NodeTestTask.execute(NodeTestTask.java:100)
	at org.junit.platform.engine.support.hierarchical.SameThreadHierarchicalTestExecutorService.submit(SameThreadHierarchicalTestExecutorService.java:35)
	at org.junit.platform.engine.support.hierarchical.HierarchicalTestExecutor.execute(HierarchicalTestExecutor.java:57)
	at org.junit.platform.engine.support.hierarchical.HierarchicalTestEngine.execute(HierarchicalTestEngine.java:54)
	at org.junit.platform.launcher.core.EngineExecutionOrchestrator.execute(EngineExecutionOrchestrator.java:201)
	at org.junit.platform.launcher.core.EngineExecutionOrchestrator.execute(EngineExecutionOrchestrator.java:170)
	at org.junit.platform.launcher.core.EngineExecutionOrchestrator.execute(EngineExecutionOrchestrator.java:94)
	at org.junit.platform.launcher.core.EngineExecutionOrchestrator.lambda$execute$0(EngineExecutionOrchestrator.java:59)
	at org.junit.platform.launcher.core.EngineExecutionOrchestrator.withInterceptedStreams(EngineExecutionOrchestrator.java:142)
	at org.junit.platform.launcher.core.EngineExecutionOrchestrator.execute(EngineExecutionOrchestrator.java:58)
	at org.junit.platform.launcher.core.DefaultLauncher.execute(DefaultLauncher.java:103)
	at org.junit.platform.launcher.core.DefaultLauncher.execute(DefaultLauncher.java:85)
	at org.junit.platform.launcher.core.DelegatingLauncher.execute(DelegatingLauncher.java:47)
	at org.junit.platform.launcher.core.InterceptingLauncher.lambda$execute$1(InterceptingLauncher.java:39)
	at org.junit.platform.launcher.core.ClasspathAlignmentCheckingLauncherInterceptor.intercept(ClasspathAlignmentCheckingLauncherInterceptor.java:25)
	at org.junit.platform.launcher.core.InterceptingLauncher.execute(InterceptingLauncher.java:38)
	at org.junit.platform.launcher.core.DelegatingLauncher.execute(DelegatingLauncher.java:47)
	at org.apache.maven.surefire.junitplatform.LauncherAdapter.executeWithoutCancellationToken(LauncherAdapter.java:60)
	at org.apache.maven.surefire.junitplatform.LauncherAdapter.execute(LauncherAdapter.java:52)
	at org.apache.maven.surefire.junitplatform.JUnitPlatformProvider.execute(JUnitPlatformProvider.java:203)
	at org.apache.maven.surefire.junitplatform.JUnitPlatformProvider.invokeAllTests(JUnitPlatformProvider.java:168)
	at org.apache.maven.surefire.junitplatform.JUnitPlatformProvider.invoke(JUnitPlatformProvider.java:136)
	at org.apache.maven.surefire.booter.ForkedBooter.runSuitesInProcess(ForkedBooter.java:385)
	at org.apache.maven.surefire.booter.ForkedBooter.execute(ForkedBooter.java:162)
	at org.apache.maven.surefire.booter.ForkedBooter.run(ForkedBooter.java:507)
	at org.apache.maven.surefire.booter.ForkedBooter.main(ForkedBooter.java:495)
